site_name,site_id,buffer_m,year,image_count,qa_flag,mean_ndvi,mean_ndmi,mean_ndbi,mean_ndti,mean_savi,mean_bsi,bare_pct,mining_soil_pct,non_mining_soil_pct,valid_px_pct
Divisadero Mine,Divisadero Mine_0000000000000000001d,1000,1984,4,ok,0.2904081591815993,-0.10493545776709455,0.10493545776709455,0.13725105690422604,0.1933423826866985,0.16259335021039442,0.0,0.0,99.60863634654541,99.60863634654541
Divisadero Mine,Divisadero Mine_0000000000000000001d,1000,1985,8,ok,0.3542847207680186,-0.09785369771883445,0.09785369771883445,0.1230177374065712,0.21782921333558278,0.15092352787033864,0.0,0.0,99.60863634654541,99.60863634654541
Divisadero Mine,Divisadero Mine_0000000000000000001d,1000,1986,8,ok,0.397355801542984,-0.10721800673572254,0.10721800673572254,0.09770171604763998,0.22634364350789385,0.14662754076178214,0.0,0.0,99.60863634654541,99.60863634654541
Divisadero Mine,Divisadero Mine_0000000000000000001d,1000,1989,9,ok,0.3550110224517399,-0.0825000386947891,0.0825000386947891,0.10321711190578485,0.221574934018037,0.1326263429946829,0.0,0.0,99.60863634654541,99.60863634654541
Divisadero Mine,Divisadero Mine_0000000000000000001d,1000,1990,2,ok,0.3065713047941919,-0.08584039009506073,0.08584039009506073,0.11414828009349953,0.20351942096582343,0.13774464385574892,0.0,0.0,83.21291352915712,83.21291352915712
Divisadero Mine,Divisadero Mine_0000000000000000001d,1000,1991,5,ok,0.574754200034989,0.12058185358367864,-0.12058185358367864,-0.004717707429475329,0.34843510521940546,-0.0570433382369411,0.0,0.0,99.60863634654541,99.60863634654541
Divisadero Mine,Divisadero Mine_0000000000000000001d,1000,1992,10,ok,0.31012082093985127,-0.11498397472894592,0.11498397472894592,0.11565605810736916,0.1924406868690308,0.16053305539775917,0.0,0.0,99.60863634654541,99.60863634654541
Divisadero Mine,Divisadero Mine_0000000000000000001d,1000,1993,15,ok,0.3723695229360312,-0.0790492803652471,0.0790492803652471,0.11110488768235881,0.2292782696097079,0.13514912013481636,0.0,0.0,99.60863634654541,99.60863634654541
Divisadero Mine,Divisadero Mine_0000000000000000001d,1000,1994,15,ok,0.41317659544902974,-0.040557333201094344,0.040557333201094344,0.07146678166316862,0.24602918040067,0.08649297311776807,0.0,0.0,99.60863634654541,99.60863634654541
Divisadero Mine,Divisadero Mine_0000000000000000001d,1000,1995,15,ok,0.3889330251449703,-0.0732171690569122,0.0732171690569122,0.0955940163231404,0.22926098137639042,0.12473425249933573,0.0,0.0,99.60863634654541,99.60863634654541
Divisadero Mine,Divisadero Mine_0000000000000000001d,1000,1996,15,ok,0.3946283513432602,-0.07025547200690561,0.07025547200690561,0.09060813340222744,0.2304206400721546,0.11078651692079304,0.0,0.0,99.60863634654541,99.60863634654541
Divisadero Mine,Divisadero Mine_0000000000000000001d,1000,1997,15,ok,0.36266356127506544,-0.08034487056192792,0.08034487056192792,0.09637849053780642,0.2175934141481251,0.12704569681915806,0.0,0.0,99.60863634654541,99.60863634654541
Divisadero Mine,Divisadero Mine_0000000000000000001d,1000,1998,15,ok,0.4431203245055652,-0.03932222181048745,0.03932222181048745,0.08037138401078778,0.2588074523973735,0.09172219804944796,0.0,0.0,99.60863634654541,99.60863634654541
Divisadero Mine,Divisadero Mine_0000000000000000001d,1000,1999,15,ok,0.4606204674562934,-0.036734906348993096,0.036734906348993096,0.07297689280246522,0.26062429030247297,0.07950970207813107,0.0,0.0,99.60863634654541,99.60863634654541
Divisadero Mine,Divisadero Mine_0000000000000000001d,1000,2000,15,ok,0.38202445043876426,-0.06432650467736199,0.06432650467736199,0.1103068144511789,0.2347079571264468,0.11790427004125298,0.0,0.0,99.60863634654541,99.60863634654541
Divisadero Mine,Divisadero Mine_0000000000000000001d,1000,2001,6,ok,0.4124323114345836,-0.07794178095847551,0.07794178095847551,0.09688165146023807,0.23549271412945247,0.11865661277285533,0.0,0.0,97.67072769314684,97.67072769314684
Divisadero Mine,Divisadero Mine_0000000000000000001d,1000,2002,5,ok,0.5072176296060152,0.0057843001419531186,-0.0057843001419531186,0.07633393441894167,0.2864819646785697,0.048174448132127144,0.0,0.0,99.60863634654541,99.60863634654541
Divisadero Mine,Divisadero Mine_0000000000000000001d,1000,2003,9,ok,0.5190055717185776,-0.0013041713722930306,0.0013041713722930306,0.08484138896716459,0.29451527245854436,0.053721418986734354,0.0,0.0,99.60863634654541,99.60863634654541
Divisadero Mine,Divisadero Mine_0000000000000000001d,1000,2004,15,ok,0.5976860487043798,0.0839546754403861,-0.0839546754403861,0.007574723572098232,0.341254574910708,-0.03575442907441112,0.0,0.0,99.60863634654541,99.60863634654541
Divisadero Mine,Divisadero Mine_0000000000000000001d,1000,2005,15,ok,0.382210324777023,-0.060456538409153944,0.060456538409153944,0.12046492524981157,0.23502894412542355,0.11744521645962164,0.0,0.0,99.60863634654541,99.60863634654541
Divisadero Mine,Divisadero Mine_0000000000000000001d,1000,2006,14,ok,0.6245643844992025,0.09280196368381632,-0.09280196368381632,-0.003820481214207118,0.3511559870027941,-0.040965730565557905,0.0,0.0,99.60863634654541,99.60863634654541
Divisadero Mine,Divisadero Mine_0000000000000000001d,1000,2007,13,ok,0.45328394111889453,-0.02775727077007418,0.02775727077007418,0.07839263647524443,0.26840807391735527,0.07875671158858535,0.0,0.0,99.60863634654541,99.60863634654541
Divisadero Mine,Divisadero Mine_0000000000000000001d,1000,2008,15,ok,0.37219813799251217,-0.07482505856774409,0.07482505856774409,0.13762993842788246,0.22705899196943255,0.128960664929737,0.0,0.0,99.60863634654541,99.60863634654541
Divisadero Mine,Divisadero Mine_0000000000000000001d,1000,2009,15,ok,0.5424496466984496,0.014248307841603322,-0.014248307841603322,0.05545494853948033,0.30887185546247187,0.0361175665662338,0.0,0.0,99.60863634654541,99.60863634654541
Divisadero Mine,Divisadero Mine_0000000000000000001d,1000,2010,15,ok,0.4617894753500841,-0.044468030280257406,0.044468030280257406,0.08569368641246011,0.2670854382768514,0.09191108885338677,0.0,0.0,99.60863634654541,99.60863634654541
Divisadero Mine,Divisadero Mine_0000000000000000001d,1000,2011,15,ok,0.47037896573640886,-0.012927661508234232,0.012927661508234232,0.08315943846783531,0.2807499393822403,0.06871541997742871,0.0,0.0,99.60863634654541,99.60863634654541
Divisadero Mine,Divisadero Mine_0000000000000000001d,1000,2012,15,ok,0.4697357229844399,-0.027043096819997503,0.027043096819997503,0.10966047820642283,0.27531634081625533,0.08180344521711674,0.0,0.0,99.60863634654541,99.60863634654541
Divisadero Mine,Divisadero Mine_0000000000000000001d,1000,2013,15,ok,0.44459361486250004,-0.027421405136897448,0.027421405136897448,0.12445184115454141,0.2790039661403021,0.09565929502965542,0.0,0.0,99.60863634654541,99.60863634654541
Divisadero Mine,Divisadero Mine_0000000000000000001d,1000,2014,15,ok,0.5703799706960151,0.052915118409112574,-0.052915118409112574,0.06809168767035288,0.3417417168223484,0.01274331975197817,0.0,0.0,99.60863634654541,99.60863634654541
Divisadero Mine,Divisadero Mine_0000000000000000001d,1000,2015,15,ok,0.5577457641138485,0.05027982819090883,-0.05027982819090883,0.07486440738491688,0.33432759679002155,0.018141724488102765,0.0,0.0,99.60863634654541,99.60863634654541
Divisadero Mine,Divisadero Mine_0000000000000000001d,1000,2016,15,ok,0.5164248368078825,0.003950694516526306,-0.003950694516526306,0.09591507704730863,0.3124166580773101,0.06023054116641766,0.0,0.0,99.60863634654541,99.60863634654541
Divisadero Mine,Divisadero Mine_0000000000000000001d,1000,2017,15,ok,0.45434392543849156,-0.004771867802874374,0.004771867802874374,0.12844128933909574,0.289863042542333,0.07815404368261503,0.0,0.0,99.60863634654541,99.60863634654541
Divisadero Mine,Divisadero Mine_0000000000000000001d,1000,2018,15,ok,0.4363454284076421,-0.03350612337773516,0.03350612337773516,0.11906767540532408,0.26953216096689536,0.09738209918980588,0.0,0.0,99.60863634654541,99.60863634654541
Divisadero Mine,Divisadero Mine_0000000000000000001d,1000,2019,15,ok,0.4374405051942947,-0.045928429871632884,0.045928429871632884,0.12121563628769387,0.2646067798858769,0.10309038800536202,0.0,0.0,99.60863634654541,99.60863634654541
Divisadero Mine,Divisadero Mine_0000000000000000001d,1000,2020,15,ok,0.5947444659462048,0.046028793786260826,-0.046028793786260826,0.04165313143740692,0.3436067538214776,0.00722161065413705,0.0,0.0,99.60863634654541,99.60863634654541
Divisadero Mine,Divisadero Mine_0000000000000000001d,1000,2021,15,ok,0.4773469771445062,-0.013033224978397772,0.013033224978397772,0.11757068158394966,0.2841681975870844,0.07808269231954174,0.0,0.0,99.60863634654541,99.60863634654541
Divisadero Mine,Divisadero Mine_0000000000000000001d,1000,2022,15,ok,0.5503593261470524,0.030317608246941883,-0.030317608246941883,0.052239962232286864,0.32648516711092584,0.0321273914629762,0.0,0.0,99.60863634654541,99.60863634654541
Divisadero Mine,Divisadero Mine_0000000000000000001d,1000,2023,15,ok,0.6080902339150077,0.09508389611327817,-0.09508389611327817,0.034057631249246295,0.34700573775886767,-0.029925046506278977,0.0,0.0,99.60863634654541,99.60863634654541
Divisadero Mine,Divisadero Mine_0000000000000000001d,1000,2024,15,ok,0.5459464208873226,0.025645536620089792,-0.025645536620089792,0.054586278291318034,0.33378932529440947,0.03905820109089915,0.0,0.0,99.60863634654541,99.60863634654541
Divisadero Mine,Divisadero Mine_0000000000000000001d,1000,2025,15,ok,0.6143920076922579,0.05787156931075729,-0.05787156931075729,0.03433746282172371,0.3486725154974161,0.0003950563086804648,0.0,0.0,99.60863634654541,99.60863634654541
Divisadero Mine,Divisadero Mine_0000000000000000001d,2000,1984,4,ok,0.3002499671163468,-0.09706068125111207,0.09706068125111207,0.13514130134832167,0.19846572899064835,0.15497014238232362,0.0,0.0,99.62082939226666,99.62082939226666
Divisadero Mine,Divisadero Mine_0000000000000000001d,2000,1985,8,ok,0.36077310338650803,-0.09197835358905092,0.09197835358905092,0.11626751402572702,0.2173975427443425,0.14367756806264015,0.0,0.0,99.62082939226666,99.62082939226666
Divisadero Mine,Divisadero Mine_0000000000000000001d,2000,1986,8,ok,0.40473144928453725,-0.09206039316829417,0.09206039316829417,0.08813137038175717,0.22818044528717982,0.13207347199756092,0.0,0.0,99.62082939226666,99.62082939226666
Divisadero Mine,Divisadero Mine_0000000000000000001d,2000,1989,9,ok,0.364251430607953,-0.08071843218184407,0.08071843218184407,0.10156619592844947,0.2206107091227744,0.12988047260785646,0.0,0.0,99.62082939226669,99.62082939226666
Divisadero Mine,Divisadero Mine_0000000000000000001d,2000,1990,2,ok,0.3080277464470857,-0.08652999044572154,0.08652999044572154,0.11027616606534921,0.20253542731974125,0.13579123884808125,0.0,0.0,79.38833025977618,79.38833025977618
Divisadero Mine,Divisadero Mine_0000000000000000001d,2000,1991,5,ok,0.5644187596940972,0.11011938872338314,-0.11011938872338314,-0.0022773401529117706,0.3378851315380212,-0.04752890282980039,0.0,0.0,99.62082939226666,99.62082939226666
Divisadero Mine,Divisadero Mine_0000000000000000001d,2000,1992,10,ok,0.3162450502184142,-0.11016835184440361,0.11016835184440361,0.10955574754108688,0.19408373545215835,0.1539379839057515,0.0,0.0,99.62082939226666,99.62082939226666
Divisadero Mine,Divisadero Mine_0000000000000000001d,2000,1993,15,ok,0.3833729102853557,-0.07201207206685038,0.07201207206685038,0.10803654684540459,0.23000641225838608,0.12847456340274374,0.0,0.0,99.62082939226666,99.62082939226666
Divisadero Mine,Divisadero Mine_0000000000000000001d,2000,1994,15,ok,0.43359642202214854,-0.01923694110304144,0.01923694110304144,0.06061773740113119,0.2532823186200132,0.06517555457826525,0.0,0.0,99.62082939226666,99.62082939226666
Divisadero Mine,Divisadero Mine_0000000000000000001d,2000,1995,15,ok,0.397911965480891,-0.05942685751548708,0.05942685751548708,0.07938768764682706,0.226453540114353,0.10530152970576591,0.028013753630423233,0.028013753630423233,99.59281563863624,99.62082939226666
Divisadero Mine,Divisadero Mine_0000000000000000001d,2000,1996,15,ok,0.41145783316236745,-0.06099387178374382,0.06099387178374382,0.08248615772766232,0.23257105567639363,0.10107311230143308,0.05602744485385133,0.05602744485385133,99.56480194741282,99.62082939226666
Divisadero Mine,Divisadero Mine_0000000000000000001d,2000,1997,15,ok,0.37824854301622357,-0.06972321467891117,0.06972321467891117,0.0881063948134152,0.22148057086981643,0.11544822331056634,0.028013691223428103,0.028013691223428103,99.59281570104324,99.62082939226666
Divisadero Mine,Divisadero Mine_0000000000000000001d,2000,1998,15,ok,0.4602365868591124,-0.03052972943328952,0.03052972943328952,0.07358341672368643,0.263067461941576,0.08158629334467986,0.028013691223428103,0.028013691223428103,99.59281570104324,99.62082939226666
Divisadero Mine,Divisadero Mine_0000000000000000001d,2000,1999,15,ok,0.46836358206030515,-0.0339890202071308,0.0339890202071308,0.06707062953355739,0.2617468134669234,0.07674126434133365,0.0,0.0,99.62082939226666,99.62082939226666
Divisadero Mine,Divisadero Mine_0000000000000000001d,2000,2000,15,ok,0.3940741230391302,-0.06077960554411065,0.06077960554411065,0.10683698203683772,0.23800391092393025,0.11268409078004782,0.0,0.0,99.62082939226666,99.62082939226666
Divisadero Mine,Divisadero Mine_0000000000000000001d,2000,2001,6,ok,0.41831077226534785,-0.06562182103085776,0.06562182103085776,0.09173221439330902,0.23838626047341294,0.10693343943284095,0.0,0.0,90.36272093140033,90.36272093140033
Divisadero Mine,Divisadero Mine_0000000000000000001d,2000,2002,5,ok,0.5105758661180572,0.004907805036601272,-0.004907805036601272,0.0778741150072399,0.2866020481376906,0.0491836870264392,0.0,0.0,99.62082939226666,99.62082939226666
Divisadero Mine,Divisadero Mine_0000000000000000001d,2000,2003,9,ok,0.5244747129589349,0.0016699267324496625,-0.0016699267324496625,0.08253888035615663,0.2934630448850973,0.049909240106817285,0.0,0.0,99.62082939226666,99.62082939226666
Divisadero Mine,Divisadero Mine_0000000000000000001d,2000,2004,15,ok,0.6052708968996153,0.08229705574516963,-0.08229705574516963,0.00571386130039689,0.34105162936845146,-0.03481272822328479,0.0,0.0,99.62082939226666,99.62082939226666
Divisadero Mine,Divisadero Mine_0000000000000000001d,2000,2005,15,ok,0.3889401691418572,-0.06091986898253306,0.06091986898253306,0.11932525899577853,0.2347314687173932,0.11657127161957209,0.0,0.0,99.62082939226666,99.62082939226666
Divisadero Mine,Divisadero Mine_0000000000000000001d,2000,2006,14,ok,0.617601598272354,0.07738138906585637,-0.07738138906585637,0.004910171972995165,0.34273747025321727,-0.027264533677704275,0.0,0.0,99.62082939226666,99.62082939226666
Divisadero Mine,Divisadero Mine_0000000000000000001d,2000,2007,13,ok,0.4571293672753187,-0.028912932485810405,0.028912932485810405,0.07734057875274979,0.26657074449533386,0.07818118664714996,0.0,0.0,99.62082939226666,99.62082939226666
Divisadero Mine,Divisadero Mine_0000000000000000001d,2000,2008,15,ok,0.3824926933704646,-0.07701944178686441,0.07701944178686441,0.1367020784321362,0.22908093157927586,0.1281687270970026,0.0,0.0,99.62082939226666,99.62082939226666
Divisadero Mine,Divisadero Mine_0000000000000000001d,2000,2009,15,ok,0.5614109942762013,0.021023161447454915,-0.021023161447454915,0.04575128296886382,0.312385743460434,0.02734695276384293,0.0,0.0,99.62082939226666,99.62082939226666
Divisadero Mine,Divisadero Mine_0000000000000000001d,2000,2010,15,ok,0.477994710978507,-0.040842864126870125,0.040842864126870125,0.08001393060483512,0.26819144321173244,0.08570776885666295,0.0,0.0,99.62082939226666,99.62082939226666
Divisadero Mine,Divisadero Mine_0000000000000000001d,2000,2011,15,ok,0.48887974189193517,-0.007842841607385971,0.007842841607385971,0.07397316847646816,0.28327458258235594,0.06092526619805509,0.0,0.0,99.62082939226666,99.62082939226666
Divisadero Mine,Divisadero Mine_0000000000000000001d,2000,2012,15,ok,0.4980980763001857,-0.017433906140122843,0.017433906140122843,0.09850086440464588,0.2806478808000011,0.06829039981191617,0.0,0.0,99.62082939226666,99.62082939226666
Divisadero Mine,Divisadero Mine_0000000000000000001d,2000,2013,15,ok,0.47167401158740996,-0.021855273336753113,0.021855273336753113,0.11342349652768842,0.2836834311059775,0.08590632402871366,0.0,0.0,99.62082939226666,99.62082939226666
Divisadero Mine,Divisadero Mine_0000000000000000001d,2000,2014,15,ok,0.5849565382390568,0.05565347052527557,-0.05565347052527557,0.05718885104275017,0.3407381699747497,0.006447184845358528,0.0,0.0,99.62082939226666,99.62082939226666
Divisadero Mine,Divisadero Mine_0000000000000000001d,2000,2015,15,ok,0.5931865089382528,0.0675108311413919,-0.0675108311413919,0.050562633959547146,0.34424694782184817,-0.004009092686296461,0.0,0.0,99.62082939226666,99.62082939226666
Divisadero Mine,Divisadero Mine_0000000000000000001d,2000,2016,15,ok,0.5570794662889028,0.025803648830302575,-0.025803648830302575,0.07342933559273064,0.3222755589462134,0.03420916116452127,0.0,0.0,99.62082939226666,99.62082939226666
Divisadero Mine,Divisadero Mine_0000000000000000001d,2000,2017,15,ok,0.4798963701165252,-0.0020608743490175847,0.0020608743490175847,0.1166330889280475,0.293875413100752,0.07048251867118535,0.0,0.0,99.62082939226666,99.62082939226666
Divisadero Mine,Divisadero Mine_0000000000000000001d,2000,2018,15,ok,0.461471473556823,-0.03167953192463492,0.03167953192463492,0.11014963036388203,0.27374560734288844,0.09058007802683747,0.0,0.0,99.62082939226666,99.62082939226666
Divisadero Mine,Divisadero Mine_0000000000000000001d,2000,2019,15,ok,0.4645628069511889,-0.041268023586709064,0.041268023586709064,0.11161740594809033,0.2699045104946712,0.09413326602484028,0.0,0.0,99.62082939226666,99.62082939226666
Divisadero Mine,Divisadero Mine_0000000000000000001d,2000,2020,15,ok,0.6276482348307568,0.06165331379735945,-0.06165331379735945,0.021091737903432863,0.351203750447461,-0.011692987244614643,0.0,0.0,99.62082939226666,99.62082939226666
Divisadero Mine,Divisadero Mine_0000000000000000001d,2000,2021,15,ok,0.49943292040432274,-0.006144219786259155,0.006144219786259155,0.10777334621052462,0.28752785387794394,0.06772514186117945,0.0,0.0,99.62082939226666,99.62082939226666
Divisadero Mine,Divisadero Mine_0000000000000000001d,2000,2022,15,ok,0.5735528512055046,0.03937927336900702,-0.03937927336900702,0.03723195730661574,0.3287877837164843,0.01941189142275356,0.0,0.0,99.62082939226666,99.62082939226666
Divisadero Mine,Divisadero Mine_0000000000000000001d,2000,2023,15,ok,0.6276244402486809,0.10638299571272898,-0.10638299571272898,0.0174147666658661,0.3473954820019952,-0.04616792411027364,0.0,0.0,99.62082939226666,99.62082939226666
Divisadero Mine,Divisadero Mine_0000000000000000001d,2000,2024,15,ok,0.5765939803073249,0.04168507492215098,-0.04168507492215098,0.035183520584098876,0.3422082937182225,0.019549894008747053,0.0,0.0,99.62082939226666,99.62082939226666
Divisadero Mine,Divisadero Mine_0000000000000000001d,2000,2025,15,ok,0.6346187202718764,0.07537853391785054,-0.07537853391785054,0.014563285096760869,0.3533793716145428,-0.018989406099313773,0.028014622527816977,0.028014622527816977,99.59281476973884,99.62082939226666
El Porvenir,El Porvenir_00000000000000000023,1000,1984,4,ok,0.2990696462967158,-0.05731355535781404,0.05731355535781404,0.14297825585996196,0.20672788430094202,0.13513010057811434,0.0,0.0,99.61579175877188,99.61579175877188
El Porvenir,El Porvenir_00000000000000000023,1000,1985,8,ok,0.3343260900438392,-0.055499559998045005,0.055499559998045005,0.13296784800608877,0.21660161845229595,0.12823579077000244,0.0,0.0,99.61579175877188,99.61579175877188
El Porvenir,El Porvenir_00000000000000000023,1000,1986,8,ok,0.34848999775405964,-0.04542070152962047,0.04542070152962047,0.12383520634371029,0.22303278062576154,0.11800839758378716,0.0,0.0,99.61579175877188,99.61579175877188
El Porvenir,El Porvenir_00000000000000000023,1000,1989,9,ok,0.3818096569577386,-0.027455424750811544,0.027455424750811544,0.09339226968954606,0.23886222090161707,0.09324543959364766,0.0,0.0,99.61579175877188,99.61579175877188
El Porvenir,El Porvenir_00000000000000000023,1000,1990,2,ok,0.2697389656422131,-0.034466544328892165,0.034466544328892165,0.09344164245693048,0.19251788006557594,0.09428879810324159,0.0,0.0,32.92311755936448,32.92311755936448
El Porvenir,El Porvenir_00000000000000000023,1000,1991,5,ok,0.4920974684785743,0.06466280279747884,-0.06466280279747884,0.0249743360807472,0.2925034741323578,0.00044958774682295243,0.0,0.0,99.61579175877188,99.61579175877188
El Porvenir,El Porvenir_00000000000000000023,1000,1992,10,ok,0.2885375430810518,-0.0832828852790352,0.0832828852790352,0.10728332537799738,0.17993526511826327,0.1390600938552842,0.0,0.0,99.61579175877188,99.61579175877188
El Porvenir,El Porvenir_00000000000000000023,1000,1993,15,ok,0.3577577828541365,-0.020672733492197365,0.020672733492197365,0.11357007785134772,0.23241323361807353,0.09855897025353806,0.0,0.0,99.61579175877188,99.61579175877188
El Porvenir,El Porvenir_00000000000000000023,1000,1994,15,ok,0.34881196820470634,-0.009515263920046185,0.009515263920046185,0.09113053451898401,0.22114957058144652,0.06635346043817576,0.0,0.0,99.61579175877188,99.61579175877188
El Porvenir,El Porvenir_00000000000000000023,1000,1995,15,ok,0.37791829371469304,-0.028461322207586466,0.028461322207586466,0.11044278589226236,0.23127092072430416,0.10041777344629679,0.0,0.0,99.61579175877188,99.61579175877188
El Porvenir,El Porvenir_00000000000000000023,1000,1996,15,ok,0.45611553112510206,-0.004151680485915962,0.004151680485915962,0.07517978864903624,0.2638409518037774,0.05991780583640113,0.0,0.0,99.61579175877188,99.61579175877188
El Porvenir,El Porvenir_00000000000000000023,1000,1997,15,ok,0.37187183901910875,-0.03696225013630282,0.03696225013630282,0.08123393646776655,0.22236279481724222,0.09156921955174475,0.0,0.0,99.61579175877188,99.61579175877188
El Porvenir,El Porvenir_00000000000000000023,1000,1998,15,ok,0.43250578627390524,0.0035189874649592064,-0.0035189874649592064,0.09329340805303446,0.26350085568767745,0.06454174328759327,0.0,0.0,99.61579175877188,99.61579175877188
El Porvenir,El Porvenir_00000000000000000023,1000,1999,15,ok,0.43060285165898665,-0.0291076011316024,0.0291076011316024,0.10269838129519035,0.24716425073451867,0.08648486852978579,0.0,0.0,99.61579175877188,99.61579175877188
El Porvenir,El Porvenir_00000000000000000023,1000,2000,15,ok,0.3313122270691679,-0.047380050780898,0.047380050780898,0.13128881232694478,0.21306063056009542,0.11756443083195461,0.0,0.0,99.61579175877188,99.61579175877188
El Porvenir,El Porvenir_00000000000000000023,1000,2001,6,ok,0.5150661560720633,0.025496616686371053,-0.025496616686371053,0.06270211314322961,0.29049645774465155,0.03130898655804512,0.0,0.0,99.61579175877188,99.61579175877188
El Porvenir,El Porvenir_00000000000000000023,1000,2002,5,ok,0.43504412899898115,0.032038118311868945,-0.032038118311868945,0.11445524806883714,0.265155039078368,0.045102022296875155,0.0,0.0,99.61579175877188,99.61579175877188
El Porvenir,El Porvenir_00000000000000000023,1000,2003,9,ok,0.4413888521572018,-0.009723942214928371,0.009723942214928371,0.13660342668324932,0.25942267063912433,0.08056180619560849,0.0,0.0,99.61579175877188,99.61579175877188
El Porvenir,El Porvenir_00000000000000000023,1000,2004,15,ok,0.529521544532187,0.06981166206918674,-0.06981166206918674,0.041788187856591885,0.3032991578175923,-0.012997955344090205,0.0,0.0,99.61579175877188,99.61579175877188
El Porvenir,El Porvenir_00000000000000000023,1000,2005,15,ok,0.3687579242794777,-0.04331090934879933,0.04331090934879933,0.14937138915923728,0.22671501698080324,0.1152409534183399,0.0,0.0,99.61579175877188,99.61579175877188
El Porvenir,El Porvenir_00000000000000000023,1000,2006,14,ok,0.48289085103859475,0.019902788411689968,-0.019902788411689968,0.08481863595208063,0.28169212145194716,0.04214195678419015,0.0,0.0,99.61579175877188,99.61579175877188
El Porvenir,El Porvenir_00000000000000000023,1000,2007,13,ok,0.4551078404056164,0.00423406320401711,-0.00423406320401711,0.10269175363450288,0.2689628750188025,0.06265674503513302,0.0,0.0,99.61579175877188,99.61579175877188
El Porvenir,El Porvenir_00000000000000000023,1000,2008,15,ok,0.3817816378717675,-0.03450720946744097,0.03450720946744097,0.15627426776271136,0.2342158804554211,0.10652165787578002,0.0,0.0,99.61579175877188,99.61579175877188
El Porvenir,El Porvenir_00000000000000000023,1000,2009,15,ok,0.485477513769081,-0.011831850076104102,0.011831850076104102,0.09650891838142378,0.26740144102538166,0.06501888783520607,0.0,0.0,99.61579175877188,99.61579175877188
El Porvenir,El Porvenir_00000000000000000023,1000,2010,15,ok,0.41926271866802733,-0.05112490248883113,0.05112490248883113,0.09515827475501765,0.24040014958831937,0.1055111939879154,0.0,0.0,99.61579175877188,99.61579175877188
El Porvenir,El Porvenir_00000000000000000023,1000,2011,15,ok,0.45810895474597196,0.004508873999707471,-0.004508873999707471,0.09531077686832079,0.26509716891953566,0.05800818514443385,0.0,0.0,99.61579175877188,99.61579175877188
El Porvenir,El Porvenir_00000000000000000023,1000,2012,15,ok,0.4642267920356647,0.010426859760307973,-0.010426859760307973,0.11585003039773599,0.2716547877345954,0.06026009300692236,0.0,0.0,99.61579175877188,99.61579175877188
El Porvenir,El Porvenir_00000000000000000023,1000,2013,15,ok,0.46938552847499027,-0.010528731414897264,0.010528731414897264,0.12464644462495639,0.2798354336507152,0.08152174376863348,0.0,0.0,99.61579175877188,99.61579175877188
El Porvenir,El Porvenir_00000000000000000023,1000,2014,15,ok,0.6154784915930986,0.12699356516972057,-0.12699356516972057,0.03963012805893221,0.3618016184327577,-0.05959630194637676,0.0,0.0,99.61579175877188,99.61579175877188
El Porvenir,El Porvenir_00000000000000000023,1000,2015,15,ok,0.5757311720460395,0.09370624825670355,-0.09370624825670355,0.06498963449554762,0.3363761034964483,-0.023271283404816365,0.0,0.0,99.61579175877188,99.61579175877188
El Porvenir,El Porvenir_00000000000000000023,1000,2016,15,ok,0.5201375278093047,0.0329001466969092,-0.0329001466969092,0.10088544293070804,0.2958632814312095,0.03762888662718066,0.0,0.0,99.61579175877188,99.61579175877188
El Porvenir,El Porvenir_00000000000000000023,1000,2017,15,ok,0.446752720127886,0.004580832545652713,-0.004580832545652713,0.1438918128079113,0.277998246612815,0.07395383645992855,0.0,0.0,99.61579175877188,99.61579175877188
El Porvenir,El Porvenir_00000000000000000023,1000,2018,15,ok,0.4756504136179562,0.014219137382105288,-0.014219137382105288,0.11847768353322216,0.2826445198506965,0.05524701903596871,0.0,0.0,99.61579175877188,99.61579175877188
El Porvenir,El Porvenir_00000000000000000023,1000,2019,15,ok,0.42664762368535364,-0.006362879579371109,0.006362879579371109,0.14083840372512293,0.25677458656326396,0.07526235357101013,0.0,0.0,99.61579175877188,99.61579175877188
El Porvenir,El Porvenir_00000000000000000023,1000,2020,15,ok,0.5431140268198675,0.04470572087064648,-0.04470572087064648,0.07728249508965658,0.3152878078498535,0.019587383472611117,0.0,0.0,99.61579175877188,99.61579175877188
El Porvenir,El Porvenir_00000000000000000023,1000,2021,15,ok,0.5352337866663864,0.08355981664568825,-0.08355981664568825,0.11315350012843255,0.3200051741134964,-0.0025381468840191585,0.0,0.0,99.61579175877188,99.61579175877188
El Porvenir,El Porvenir_00000000000000000023,1000,2022,15,ok,0.6052496433356611,0.08074847663393886,-0.08074847663393886,0.03621119615414439,0.34355341192770955,-0.018586700566071222,0.0,0.0,99.61579175877188,99.61579175877188
El Porvenir,El Porvenir_00000000000000000023,1000,2023,15,ok,0.6336402633502585,0.12553629408294953,-0.12553629408294953,0.028515705408259092,0.36522407716125765,-0.06150592375397923,0.0,0.0,99.61579175877188,99.61579175877188
El Porvenir,El Porvenir_00000000000000000023,1000,2024,15,ok,0.587389588387425,0.08263157272712307,-0.08263157272712307,0.045656997264201464,0.34019885650780773,-0.013752228135835817,0.0,0.0,99.61579175877188,99.61579175877188
El Porvenir,El Porvenir_00000000000000000023,1000,2025,15,ok,0.6200354752046656,0.11150813615176171,-0.11150813615176171,0.0368273311293765,0.35312491977844396,-0.04585546369012832,0.0,0.0,99.61579175877188,99.61579175877188
El Porvenir,El Porvenir_00000000000000000023,2000,1984,4,ok,0.3117806064583235,-0.05974250039793716,0.05974250039793716,0.1364034695721456,0.20654058061169026,0.13310173456178045,0.28002544373989513,0.28002544373989513,99.33971874997276,99.61974419371263
El Porvenir,El Porvenir_00000000000000000023,2000,1985,8,ok,0.3489513875580621,-0.05189108506633309,0.05189108506633309,0.12438339116335498,0.21813357229949448,0.12200677592574372,0.14001215780672235,0.14001215780672235,99.47973203590594,99.61974419371263
El Porvenir,El Porvenir_00000000000000000023,2000,1986,8,ok,0.3628009945177025,-0.04321627077648927,0.04321627077648927,0.11490709967133779,0.22396014241627382,0.11188662658368634,0.08400734268941427,0.08400734268941427,99.53573685102326,99.61974419371263
El Porvenir,El Porvenir_00000000000000000023,2000,1989,9,ok,0.3881925861571562,-0.025897459979178163,0.025897459979178163,0.08896668933249882,0.2366382945991003,0.09071264888647806,0.39203400825505597,0.39203400825505597,99.2277101854576,99.61974419371263
El Porvenir,El Porvenir_00000000000000000023,2000,1990,2,ok,0.27801881091670116,-0.04071086296465379,0.04071086296465379,0.09671593504021744,0.1935294003762051,0.10074682558266282,0.22402044380187072,0.22402044380187072,34.72847232590335,34.95249276970521
El Porvenir,El Porvenir_00000000000000000023,2000,1991,5,ok,0.49994851864637835,0.0747652184675697,-0.0747652184675697,0.01736602412609723,0.29422396579213106,-0.008925921517534682,0.0,0.0,99.61974419371266,99.61974419371263
El Porvenir,El Porvenir_00000000000000000023,2000,1992,10,ok,0.29926148270921044,-0.08190947115167262,0.08190947115167262,0.10070670890130769,0.18003882589644477,0.13575429095267574,0.30802884981047124,0.30802884981047124,99.3117153439022,99.61974419371263
El Porvenir,El Porvenir_00000000000000000023,2000,1993,15,ok,0.3719092247449537,-0.019500082581793733,0.019500082581793733,0.1066214636237534,0.23351940273681754,0.09405220786994925,0.30802691279335315,0.30802691279335315,99.3117172809193,99.61974419371263
El Porvenir,El Porvenir_00000000000000000023,2000,1994,15,ok,0.3579891463866457,-0.003810723976077886,0.003810723976077886,0.08210111000204563,0.22001152130861504,0.060404816820436046,0.2800260078031203,0.2800260078031203,99.33971818590953,99.61974419371263
El Porvenir,El Porvenir_00000000000000000023,2000,1995,15,ok,0.3875497359408402,-0.02362163641094164,0.02362163641094164,0.10308944767896937,0.22947672176321135,0.0950720679485538,0.4480393850353202,0.4480393850353202,99.17170480867733,99.61974419371263
El Porvenir,El Porvenir_00000000000000000023,2000,1996,15,ok,0.4629190808725327,0.007059104971998528,-0.007059104971998528,0.06815877782578277,0.26323225435067443,0.049896186194322664,0.19601728495900606,0.19601728495900606,99.42372690875366,99.61974419371263
El Porvenir,El Porvenir_00000000000000000023,2000,1997,15,ok,0.3759292041716652,-0.034667780480439364,0.034667780480439364,0.07746683347511663,0.219522716701667,0.0884810401698723,0.14001272186994757,0.14001272186994757,99.4797314718427,99.61974419371263
El Porvenir,El Porvenir_00000000000000000023,2000,1998,15,ok,0.4352234498078576,0.010142372123824427,-0.010142372123824427,0.08429577194828956,0.2606956045573754,0.05770587228162508,1.100009362117536,1.100009362117536,98.51973483159514,99.61974419371263
El Porvenir,El Porvenir_00000000000000000023,2000,1999,15,ok,0.42848169718610735,-0.02405137413289685,0.02405137413289685,0.09443137935299428,0.24247761848454924,0.0807122728287143,0.8120757358641592,0.8120757358641592,98.80766845784851,99.61974419371263
El Porvenir,El Porvenir_00000000000000000023,2000,2000,15,ok,0.33280181009248144,-0.0466326449551862,0.0466326449551862,0.12453220796888562,0.20834456873545878,0.11449016190274348,0.9319939158534207,0.9319939158534207,98.68775027785925,99.61974419371263
El Porvenir,El Porvenir_00000000000000000023,2000,2001,6,ok,0.5116608154904254,0.031070293827103353,-0.031070293827103353,0.05465048737771228,0.2868235231883517,0.025407796140108522,0.3640347882536916,0.3640347882536916,99.25570940545896,99.61974419371263
El Porvenir,El Porvenir_00000000000000000023,2000,2002,5,ok,0.43152028355364774,0.01666589400240476,-0.01666589400240476,0.11484057767855661,0.2599793149851876,0.05848868478522866,0.22402037899460653,0.22402037899460653,99.39572381471805,99.61974419371263
El Porvenir,El Porvenir_00000000000000000023,2000,2003,9,ok,0.43844548079879175,-0.012337124971268093,0.012337124971268093,0.13205903006511263,0.2550076020436312,0.08185228940799255,0.31593840527784584,0.31593840527784584,99.30380578843481,99.61974419371263
El Porvenir,El Porvenir_00000000000000000023,2000,2004,15,ok,0.5346897564661681,0.07340835775204527,-0.07340835775204527,0.03397828059188415,0.3050050385283514,-0.017270260228433844,0.14001316111918252,0.14001316111918252,99.47973103259346,99.61974419371263
El Porvenir,El Porvenir_00000000000000000023,2000,2005,15,ok,0.36962781603495753,-0.04276948154692604,0.04276948154692604,0.14238866550747598,0.2238165194412417,0.11297857002278323,0.3080300427441859,0.3080300427441859,99.31171415096847,99.61974419371263
El Porvenir,El Porvenir_00000000000000000023,2000,2006,14,ok,0.4855026939755549,0.028250532164783803,-0.028250532164783803,0.07422281178253758,0.28100916789027586,0.032764332998057,0.28002751037154155,0.28002751037154155,99.33971668334111,99.61974419371263
El Porvenir,El Porvenir_00000000000000000023,2000,2007,13,ok,0.4534520239552413,0.008701329528662784,-0.008701329528662784,0.09672776042789422,0.2652148162447849,0.057647721194386166,0.02800303162860534,0.02800303162860534,99.59174116208405,99.61974419371263
El Porvenir,El Porvenir_00000000000000000023,2000,2008,15,ok,0.38580175990486026,-0.03162031703946473,0.03162031703946473,0.1496771147965264,0.2329232501641386,0.10205082255899033,0.3080279761125394,0.3080279761125394,99.31171621760011,99.61974419371263
El Porvenir,El Porvenir_00000000000000000023,2000,2009,15,ok,0.4845801049241607,-0.009589757136196147,0.009589757136196147,0.09168660479504219,0.26459939194784343,0.06285460901023762,0.0,0.0,99.61974419371266,99.61974419371263
El Porvenir,El Porvenir_00000000000000000023,2000,2010,15,ok,0.41960370747894854,-0.042591811821771595,0.042591811821771595,0.08823076909548534,0.23886774681303155,0.0973794614640934,0.6440597303373566,0.6440597303373566,98.97568446337529,99.61974419371263
El Porvenir,El Porvenir_00000000000000000023,2000,2011,15,ok,0.461548492881187,0.011703258119876606,-0.011703258119876606,0.0872022631886664,0.2652088243936095,0.050697702507638255,0.560051259521492,0.560051259521492,99.05969293419116,99.61974419371263
El Porvenir,El Porvenir_00000000000000000023,2000,2012,15,ok,0.46166740420757346,0.010385972010743942,-0.010385972010743942,0.11049669158633767,0.2680076355142711,0.05861483415076121,0.16801700403872455,0.16801700403872455,99.45172718967393,99.61974419371263
El Porvenir,El Porvenir_00000000000000000023,2000,2013,15,ok,0.46321683694156013,-0.015284944127591722,0.015284944127591722,0.12193919538103591,0.2736470100947989,0.08521382708005526,0.028001591467179253,0.028001591467179253,99.59174260224547,99.61974419371263
El Porvenir,El Porvenir_00000000000000000023,2000,2014,15,ok,0.5988107241069359,0.11689112432148722,-0.11689112432148722,0.041572253581223365,0.351728777193417,-0.04800646539889676,0.3080286625894858,0.3080286625894858,99.31171553112317,99.61974419371263
El Porvenir,El Porvenir_00000000000000000023,2000,2015,15,ok,0.5697423648854189,0.08737586921314025,-0.08737586921314025,0.06297045072143989,0.3312959223175739,-0.01770973926928805,0.11201006228304396,0.11201006228304396,99.5077341314296,99.61974419371263
El Porvenir,El Porvenir_00000000000000000023,2000,2016,15,ok,0.5187869707479209,0.029984629171880453,-0.029984629171880453,0.09531828800493623,0.2948016588693355,0.039420720471606774,0.05600575122223502,0.05600575122223502,99.56373844249043,99.61974419371263
El Porvenir,El Porvenir_00000000000000000023,2000,2017,15,ok,0.4423299386860916,-0.00024235198258547644,0.00024235198258547644,0.1391029491940071,0.27213580141820926,0.07726909924195041,0.14001259465568824,0.14001259465568824,99.47973159905696,99.61974419371263
El Porvenir,El Porvenir_00000000000000000023,2000,2018,15,ok,0.4674834633099301,0.007513138707896005,-0.007513138707896005,0.11632362243419872,0.275765276467915,0.0610374716396004,0.028001591467179253,0.028001591467179253,99.59174260224549,99.61974419371263
El Porvenir,El Porvenir_00000000000000000023,2000,2019,15,ok,0.42267245444121776,-0.01338433285940659,0.01338433285940659,0.13857438787680626,0.250993323057919,0.07940138863318946,0.0,0.0,99.61974419371266,99.61974419371263
El Porvenir,El Porvenir_00000000000000000023,2000,2020,15,ok,0.537437875313926,0.04315264027481776,-0.04315264027481776,0.07295359088378328,0.30921909791592994,0.02037319842348736,0.3080280361192655,0.3080280361192655,99.3117161575934,99.61974419371263
El Porvenir,El Porvenir_00000000000000000023,2000,2021,15,ok,0.5216254155973068,0.07110829518597767,-0.07110829518597767,0.11314748763683545,0.30827320476205367,0.008582046514087005,0.08400684343345323,0.08400684343345323,99.53573735027922,99.61974419371263
El Porvenir,El Porvenir_00000000000000000023,2000,2022,15,ok,0.5904797685922537,0.07319749497366666,-0.07319749497366666,0.039120414434405844,0.33174365961842806,-0.010356010280199631,0.30802772408428986,0.30802772408428986,99.31171646962838,99.61974419371263
El Porvenir,El Porvenir_00000000000000000023,2000,2023,15,ok,0.6210709519749649,0.11643237910307615,-0.11643237910307615,0.02803512252898701,0.35325279980251234,-0.052231023716743714,0.05600424865381381,0.05600424865381381,99.56373994505884,99.61974419371263
El Porvenir,El Porvenir_00000000000000000023,2000,2024,15,ok,0.5795181427978646,0.0761766183099533,-0.0761766183099533,0.041051013432348245,0.33331741441747137,-0.00817189984543726,0.1680150022143423,0.1680150022143423,99.4517291914983,99.61974419371263
El Porvenir,El Porvenir_00000000000000000023,2000,2025,15,ok,0.6119703613204854,0.10153653363305408,-0.10153653363305408,0.0329401255571721,0.3466674493306329,-0.036539844681474726,0.3640340393697501,0.3640340393697501,99.25571015434292,99.61974419371263
Monte Mayor Mine,Monte Mayor Mine_0000000000000000001f,1000,1984,4,ok,0.39843390991966077,-0.013897667220781507,0.013897667220781507,0.12011774235126697,0.25157931566291525,0.08976262166508346,0.0,0.0,99.60922269921403,99.60922269921403
Monte Mayor Mine,Monte Mayor Mine_0000000000000000001f,1000,1985,8,ok,0.4544022180800559,0.005733008251110371,-0.005733008251110371,0.08639394391053248,0.26191539295076743,0.06284094229551887,0.0,0.0,99.60922269921403,99.60922269921403
Monte Mayor Mine,Monte Mayor Mine_0000000000000000001f,1000,1986,8,ok,0.4947883038670099,0.028819802798080735,-0.028819802798080735,0.07940190696876981,0.2869082164789596,0.04046083206258781,0.0,0.0,99.60922269921403,99.60922269921403
Monte Mayor Mine,Monte Mayor Mine_0000000000000000001f,1000,1989,9,ok,0.4550308029447417,0.0061528110099163735,-0.0061528110099163735,0.07993976711861658,0.27081320609738874,0.06156033448165253,0.0,0.0,99.60922269921403,99.60922269921403
Monte Mayor Mine,Monte Mayor Mine_0000000000000000001f,1000,1990,2,ok,0.3867173233238945,0.0019465316089728273,-0.0019465316089728273,0.09660884964687312,0.24786105511368364,0.06759160354933394,0.0,0.0,99.60922269921403,99.60922269921403
Monte Mayor Mine,Monte Mayor Mine_0000000000000000001f,1000,1991,5,ok,0.6164512239258415,0.1807515904981468,-0.1807515904981468,-0.026678637052677645,0.37053085561817845,-0.10844494568839465,0.0,0.0,99.60922269921403,99.60922269921403
Monte Mayor Mine,Monte Mayor Mine_0000000000000000001f,1000,1992,10,ok,0.42277419975897046,0.009566279728652302,-0.009566279728652302,0.07825964059230849,0.24933719011593716,0.058826761003813795,0.0,0.0,99.60922269921403,99.60922269921403
Monte Mayor Mine,Monte Mayor Mine_0000000000000000001f,1000,1993,15,ok,0.49177363663533974,0.047888349349645865,-0.047888349349645865,0.07724135875278833,0.29771457844792476,0.027630976250718527,0.0,0.0,99.60922269921403,99.60922269921403
Monte Mayor Mine,Monte Mayor Mine_0000000000000000001f,1000,1994,15,ok,0.5536064951002706,0.1210165518473319,-0.1210165518473319,-0.002088516610121935,0.33362818191056687,-0.05964603647624989,0.0,0.0,99.60922269921403,99.60922269921403
Monte Mayor Mine,Monte Mayor Mine_0000000000000000001f,1000,1995,15,ok,0.4842062951737576,0.03726332583389592,-0.03726332583389592,0.059373559113345326,0.2773961722482245,0.029602225253780083,0.0,0.0,99.60922269921403,99.60922269921403
Monte Mayor Mine,Monte Mayor Mine_0000000000000000001f,1000,1996,15,ok,0.5794210022663595,0.07905004878321881,-0.07905004878321881,0.05063708798455752,0.31539697364582,-0.01585621999575365,0.0,0.0,99.60922269921403,99.60922269921403
Monte Mayor Mine,Monte Mayor Mine_0000000000000000001f,1000,1997,15,ok,0.49588668549353865,0.0520055675866568,-0.0520055675866568,0.050081136356284965,0.2976962699277691,0.011510429936077803,0.0,0.0,99.60922269921403,99.60922269921403
Monte Mayor Mine,Monte Mayor Mine_0000000000000000001f,1000,1998,15,ok,0.5929670801345127,0.1084919782454916,-0.1084919782454916,0.03032589458965666,0.3433107956485374,-0.040400669206346725,0.0,0.0,99.60922269921403,99.60922269921403
Monte Mayor Mine,Monte Mayor Mine_0000000000000000001f,1000,1999,15,ok,0.5512331626481219,0.06093658281531651,-0.06093658281531651,0.055930072372417886,0.31323117032368036,0.002674454715744213,0.0,0.0,99.60922269921403,99.60922269921403
Monte Mayor Mine,Monte Mayor Mine_0000000000000000001f,1000,2000,15,ok,0.4450132876099068,0.014183479192983935,-0.014183479192983935,0.0952566662707179,0.27312966584309767,0.057911770509944095,0.0,0.0,99.60922269921403,99.60922269921403
Monte Mayor Mine,Monte Mayor Mine_0000000000000000001f,1000,2001,6,ok,0.5223813839340375,0.037425036227640665,-0.037425036227640665,0.054220151252298156,0.29998179528390556,0.018796342190346694,0.0,0.0,99.60922269921403,99.60922269921403
Monte Mayor Mine,Monte Mayor Mine_0000000000000000001f,1000,2002,5,ok,0.610874335850997,0.12611990788587404,-0.12611990788587404,0.02909254279283374,0.35495575309968447,-0.05981113039176135,0.0,0.0,99.60922269921403,99.60922269921403
Monte Mayor Mine,Monte Mayor Mine_0000000000000000001f,1000,2003,9,ok,0.5627695958948935,0.08166799667494117,-0.08166799667494117,0.06078007352086784,0.3234067431320451,-0.015245512738668166,0.0,0.0,99.60922269921403,99.60922269921403
Monte Mayor Mine,Monte Mayor Mine_0000000000000000001f,1000,2004,15,ok,0.6638033210927647,0.16268608431187073,-0.16268608431187073,-0.010161180527970852,0.38038350534792115,-0.09794366010406155,0.0,0.0,99.60922269921403,99.60922269921403
Monte Mayor Mine,Monte Mayor Mine_0000000000000000001f,1000,2005,15,ok,0.4980302284103207,0.03799216119629316,-0.03799216119629316,0.08763323200898457,0.29629128402985094,0.03214873954407073,0.0,0.0,99.60922269921403,99.60922269921403
Monte Mayor Mine,Monte Mayor Mine_0000000000000000001f,1000,2006,14,ok,0.6123086317201101,0.12189203246254386,-0.12189203246254386,0.025766075595188766,0.3568837591295622,-0.0565699565070175,0.0,0.0,99.60922269921403,99.60922269921403
Monte Mayor Mine,Monte Mayor Mine_0000000000000000001f,1000,2007,13,ok,0.5688237903063198,0.0798272618199015,-0.0798272618199015,0.03006936100208645,0.3399427822883395,-0.01754129958348236,0.0,0.0,99.60922269921403,99.60922269921403
Monte Mayor Mine,Monte Mayor Mine_0000000000000000001f,1000,2008,15,ok,0.4820667463200002,0.012181216634294828,-0.012181216634294828,0.11372284645668318,0.28359317747234514,0.05663980002522397,0.0,0.0,99.60922269921403,99.60922269921403
Monte Mayor Mine,Monte Mayor Mine_0000000000000000001f,1000,2009,15,ok,0.6265213404850638,0.10713228160333926,-0.10713228160333926,0.03238975703745999,0.35487736759027044,-0.047597912904871496,0.0,0.0,99.60922269921403,99.60922269921403
Monte Mayor Mine,Monte Mayor Mine_0000000000000000001f,1000,2010,15,ok,0.519019775934301,0.024330956443793125,-0.024330956443793125,0.06446537950452023,0.3001132226072201,0.03651574838897027,0.0,0.0,99.60922269921403,99.60922269921403
Monte Mayor Mine,Monte Mayor Mine_0000000000000000001f,1000,2011,15,ok,0.5729325887166258,0.0945366152383876,-0.0945366152383876,0.04548094367662755,0.33665188952172814,-0.02752368286694106,0.0,0.0,99.60922269921403,99.60922269921403
Monte Mayor Mine,Monte Mayor Mine_0000000000000000001f,1000,2012,15,ok,0.5909347365477056,0.10236057529586537,-0.10236057529586537,0.06624486274948173,0.3470799336910128,-0.03319197169073156,0.0,0.0,99.60922269921403,99.60922269921403
Monte Mayor Mine,Monte Mayor Mine_0000000000000000001f,1000,2013,15,ok,0.5542547143324378,0.06516255177003723,-0.06516255177003723,0.08227976743139584,0.33701884774099705,0.01186104835534257,0.0,0.0,99.60922269921403,99.60922269921403
Monte Mayor Mine,Monte Mayor Mine_0000000000000000001f,1000,2014,15,ok,0.67528439547784,0.1618828840075179,-0.1618828840075179,0.0021544284878741984,0.39431732722737445,-0.09368217113504214,0.0,0.0,99.60922269921403,99.60922269921403
Monte Mayor Mine,Monte Mayor Mine_0000000000000000001f,1000,2015,15,ok,0.6518642480519775,0.13822765132881826,-0.13822765132881826,0.026877076672047813,0.37801755969023326,-0.07247416894276049,0.0,0.0,99.60922269921403,99.60922269921403
Monte Mayor Mine,Monte Mayor Mine_0000000000000000001f,1000,2016,15,ok,0.645893970561939,0.13070275547922514,-0.13070275547922514,0.03594185274043391,0.37357869283905026,-0.06438788832224701,0.0,0.0,99.60922269921403,99.60922269921403
Monte Mayor Mine,Monte Mayor Mine_0000000000000000001f,1000,2017,15,ok,0.5793286016310422,0.09272749111515935,-0.09272749111515935,0.08626011972983882,0.3470857311023402,-0.01941083071065902,0.0,0.0,99.60922269921403,99.60922269921403
Monte Mayor Mine,Monte Mayor Mine_0000000000000000001f,1000,2018,15,ok,0.5966565654121673,0.10041227944695534,-0.10041227944695534,0.05877324713713824,0.35000794310997624,-0.03240836676893458,0.0,0.0,99.60922269921403,99.60922269921403
Monte Mayor Mine,Monte Mayor Mine_0000000000000000001f,1000,2019,15,ok,0.5817484253137011,0.07454920540650758,-0.07454920540650758,0.0709958800551135,0.3328861989079677,-0.010113162902049977,0.0,0.0,99.60922269921403,99.60922269921403
Monte Mayor Mine,Monte Mayor Mine_0000000000000000001f,1000,2020,15,ok,0.6490094565693377,0.13377532165501826,-0.13377532165501826,0.027015614574810266,0.3726404053698616,-0.07005984329779229,0.0,0.0,99.60922269921403,99.60922269921403
Monte Mayor Mine,Monte Mayor Mine_0000000000000000001f,1000,2021,15,ok,0.6486803531412797,0.15096367533505128,-0.15096367533505128,0.04454387382991672,0.36645779472290085,-0.08078956133566692,0.0,0.0,99.60922269921403,99.60922269921403
Monte Mayor Mine,Monte Mayor Mine_0000000000000000001f,1000,2022,15,ok,0.6954466786143819,0.1747898378783742,-0.1747898378783742,-0.021510627100860377,0.3914972265978642,-0.11025250664831887,0.0,0.0,99.60922269921403,99.60922269921403
Monte Mayor Mine,Monte Mayor Mine_0000000000000000001f,1000,2023,15,ok,0.6841681092269835,0.17105306692974948,-0.17105306692974948,-0.010510630462567085,0.3882759569117146,-0.1073209367472982,0.0,0.0,99.60922269921403,99.60922269921403
Monte Mayor Mine,Monte Mayor Mine_0000000000000000001f,1000,2024,15,ok,0.6883310117747574,0.15242400974479256,-0.15242400974479256,-0.016651006120872086,0.4003625938479451,-0.08893629465569985,0.0,0.0,99.60922269921403,99.60922269921403
Monte Mayor Mine,Monte Mayor Mine_0000000000000000001f,1000,2025,15,ok,0.7370769126319838,0.196231045703927,-0.196231045703927,-0.055568092719031556,0.41963894419901476,-0.13687222325054754,0.0,0.0,99.60922269921403,99.60922269921403
Monte Mayor Mine,Monte Mayor Mine_0000000000000000001f,2000,1984,4,ok,0.37665370287377703,-0.04525975194713787,0.04525975194713787,0.1182514421483267,0.23333010927755,0.1124916344154611,0.0,0.0,99.62250873917347,99.62250873917347
Monte Mayor Mine,Monte Mayor Mine_0000000000000000001f,2000,1985,8,ok,0.4367895770110104,-0.01964728235492008,0.01964728235492008,0.09180216343883536,0.2492451501125991,0.083733493506514,0.0,0.0,99.62250873917347,99.62250873917347
Monte Mayor Mine,Monte Mayor Mine_0000000000000000001f,2000,1986,8,ok,0.4871047626433514,0.013229249098650694,-0.013229249098650694,0.08171056010481227,0.28147952979980556,0.05344304551378813,0.0,0.0,99.62250873917347,99.62250873917347
Monte Mayor Mine,Monte Mayor Mine_0000000000000000001f,2000,1989,9,ok,0.450038279014193,-0.011764729702169052,0.011764729702169052,0.0785113452366067,0.2708852389721446,0.07407481367838817,0.0,0.0,99.62250873917347,99.62250873917347
Monte Mayor Mine,Monte Mayor Mine_0000000000000000001f,2000,1990,2,ok,0.3950705136990915,-0.009768812320824818,0.009768812320824818,0.09404638722613926,0.2548092502201293,0.07432005905652399,0.0,0.0,88.20658917280426,88.20658917280426
Monte Mayor Mine,Monte Mayor Mine_0000000000000000001f,2000,1991,5,ok,0.6112989755152566,0.16484106174675686,-0.16484106174675686,-0.02497980691450591,0.3694154796598943,-0.09490724686813787,0.0,0.0,99.62250873917347,99.62250873917347
Monte Mayor Mine,Monte Mayor Mine_0000000000000000001f,2000,1992,10,ok,0.4194280329066247,-0.011797775923502531,0.011797775923502531,0.07928211263517455,0.2496114609666606,0.07432841515743872,0.0,0.0,99.62250873917347,99.62250873917347
Monte Mayor Mine,Monte Mayor Mine_0000000000000000001f,2000,1993,15,ok,0.48868549386687715,0.0312218429670807,-0.0312218429670807,0.0801730150637234,0.2994225301216799,0.040884454729067786,0.0,0.0,99.62250873917347,99.62250873917347
Monte Mayor Mine,Monte Mayor Mine_0000000000000000001f,2000,1994,15,ok,0.5474053047238823,0.10384295902263822,-0.10384295902263822,0.0027178155212791975,0.3319535699360392,-0.046006045469438074,0.0,0.0,99.62250873917347,99.62250873917347
Monte Mayor Mine,Monte Mayor Mine_0000000000000000001f,2000,1995,15,ok,0.47981023004543066,0.01892366461231705,-0.01892366461231705,0.0613609297249947,0.2799676669183503,0.04356736195693418,0.0,0.0,99.62250873917347,99.62250873917347
Monte Mayor Mine,Monte Mayor Mine_0000000000000000001f,2000,1996,15,ok,0.5716744676384087,0.06436879087736168,-0.06436879087736168,0.04490976040771394,0.318696500358843,-0.005394988289755015,0.0,0.0,99.62250873917347,99.62250873917347
Monte Mayor Mine,Monte Mayor Mine_0000000000000000001f,2000,1997,15,ok,0.4937918693029682,0.03598160695779681,-0.03598160695779681,0.05101400962265522,0.2964883977025084,0.023532640709592618,0.0,0.0,99.62250873917347,99.62250873917347
Monte Mayor Mine,Monte Mayor Mine_0000000000000000001f,2000,1998,15,ok,0.5776849283457175,0.08529591776899877,-0.08529591776899877,0.036910479520972046,0.3373648638351237,-0.02057767649743382,0.0,0.0,99.62250873917347,99.62250873917347
Monte Mayor Mine,Monte Mayor Mine_0000000000000000001f,2000,1999,15,ok,0.5479198984224769,0.046734132331590475,-0.046734132331590475,0.055808144517588115,0.31371570163211937,0.013874913250949758,0.0,0.0,99.62250873917347,99.62250873917347
Monte Mayor Mine,Monte Mayor Mine_0000000000000000001f,2000,2000,15,ok,0.4422946358947807,0.00399181831172936,-0.00399181831172936,0.09613607435945792,0.27562032114462065,0.06477475207565668,0.0,0.0,99.62250873917347,99.62250873917347
Monte Mayor Mine,Monte Mayor Mine_0000000000000000001f,2000,2001,6,ok,0.5164852787974262,0.026755039332532943,-0.026755039332532943,0.05725047930856318,0.29770642479353304,0.028414028182797254,0.0,0.0,99.62250873917347,99.62250873917347
Monte Mayor Mine,Monte Mayor Mine_0000000000000000001f,2000,2002,5,ok,0.5913677498019569,0.10214957281359147,-0.10214957281359147,0.04139826061891568,0.3492970376664663,-0.0364097312140871,0.0,0.0,99.62250873917347,99.62250873917347
Monte Mayor Mine,Monte Mayor Mine_0000000000000000001f,2000,2003,9,ok,0.5590045116019762,0.06191911001281769,-0.06191911001281769,0.06537274258025058,0.32232940879720373,0.0019267906714194394,0.0,0.0,99.62250873917347,99.62250873917347
Monte Mayor Mine,Monte Mayor Mine_0000000000000000001f,2000,2004,15,ok,0.6499932579538148,0.14293710856485134,-0.14293710856485134,-0.0027988545280483675,0.3743906941341944,-0.07947777216483891,0.0,0.0,99.62250873917347,99.62250873917347
Monte Mayor Mine,Monte Mayor Mine_0000000000000000001f,2000,2005,15,ok,0.4943550690121601,0.023946387833106025,-0.023946387833106025,0.08754517597983182,0.2983602066615866,0.04306012854736409,0.0,0.0,99.62250873917347,99.62250873917347
Monte Mayor Mine,Monte Mayor Mine_0000000000000000001f,2000,2006,14,ok,0.6211804851343035,0.11383299834811936,-0.11383299834811936,0.018715493229322158,0.3603512747624773,-0.05226228053286254,0.0,0.0,99.62250873917347,99.62250873917347
Monte Mayor Mine,Monte Mayor Mine_0000000000000000001f,2000,2007,13,ok,0.5651818250055658,0.06397942636692897,-0.06397942636692897,0.0341516015364904,0.33968998161517666,-0.004612826861156079,0.0,0.0,99.62250873917347,99.62250873917347
Monte Mayor Mine,Monte Mayor Mine_0000000000000000001f,2000,2008,15,ok,0.4856266165929291,0.005094512758504377,-0.005094512758504377,0.11250121439979617,0.29061899982991946,0.06116742249959208,0.0,0.0,99.62250873917347,99.62250873917347
Monte Mayor Mine,Monte Mayor Mine_0000000000000000001f,2000,2009,15,ok,0.6232971429137573,0.09457181306835438,-0.09457181306835438,0.03505360876426595,0.35629863806129497,-0.0374582416595775,0.0,0.0,99.62250873917347,99.62250873917347
Monte Mayor Mine,Monte Mayor Mine_0000000000000000001f,2000,2010,15,ok,0.5261306703376694,0.015991866424414847,-0.015991866424414847,0.060827511290932924,0.3059305656209889,0.04085783131849146,0.0,0.0,99.62250873917347,99.62250873917347
Monte Mayor Mine,Monte Mayor Mine_0000000000000000001f,2000,2011,15,ok,0.5713364495234866,0.08371776199126446,-0.08371776199126446,0.046294654567010214,0.33931421424846925,-0.018836763274735064,0.0,0.0,99.62250873917347,99.62250873917347
Monte Mayor Mine,Monte Mayor Mine_0000000000000000001f,2000,2012,15,ok,0.5986568128372236,0.09772213010693055,-0.09772213010693055,0.06335701962497124,0.35341933489005856,-0.03116360085504311,0.0,0.0,99.62250873917347,99.62250873917347
Monte Mayor Mine,Monte Mayor Mine_0000000000000000001f,2000,2013,15,ok,0.5641615721051092,0.06218851156941287,-0.06218851156941287,0.07869430360762268,0.3458296547711209,0.01134615584720628,0.0,0.0,99.62250873917347,99.62250873917347
Monte Mayor Mine,Monte Mayor Mine_0000000000000000001f,2000,2014,15,ok,0.6769788210760801,0.15464238516265813,-0.15464238516265813,0.0022686695538878857,0.3976150472905785,-0.08861593335808718,0.0,0.0,99.62250873917347,99.62250873917347
Monte Mayor Mine,Monte Mayor Mine_0000000000000000001f,2000,2015,15,ok,0.6579963309093135,0.13286400180982771,-0.13286400180982771,0.022873626317327516,0.3825997107245503,-0.06920560255463963,0.0,0.0,99.62250873917347,99.62250873917347
Monte Mayor Mine,Monte Mayor Mine_0000000000000000001f,2000,2016,15,ok,0.6490941883433426,0.12454708096463313,-0.12454708096463313,0.031702830612302474,0.3765509901233073,-0.06026878021175241,0.0,0.0,99.62250873917347,99.62250873917347
Monte Mayor Mine,Monte Mayor Mine_0000000000000000001f,2000,2017,15,ok,0.5835472557543276,0.0908683680941008,-0.0908683680941008,0.08236397455906483,0.35459264426574016,-0.01865197408653957,0.0,0.0,99.62250873917347,99.62250873917347
Monte Mayor Mine,Monte Mayor Mine_0000000000000000001f,2000,2018,15,ok,0.6029724053902503,0.09668568711463305,-0.09668568711463305,0.055024458919472455,0.35602046410769816,-0.03141743340077646,0.0,0.0,99.62250873917347,99.62250873917347
Monte Mayor Mine,Monte Mayor Mine_0000000000000000001f,2000,2019,15,ok,0.589532466135276,0.07073962419806416,-0.07073962419806416,0.06448181741756942,0.3387598264174326,-0.009806170790281662,0.0,0.0,99.62250873917347,99.62250873917347
Monte Mayor Mine,Monte Mayor Mine_0000000000000000001f,2000,2020,15,ok,0.6543577116995187,0.12785300872033378,-0.12785300872033378,0.02333589808092856,0.3773992774821921,-0.06642799087202167,0.0,0.0,99.62250873917347,99.62250873917347
Monte Mayor Mine,Monte Mayor Mine_0000000000000000001f,2000,2021,15,ok,0.6523277021358468,0.1432362534030277,-0.1432362534030277,0.0414258325985566,0.37197149114466566,-0.07530882680394452,0.0,0.0,99.62250873917347,99.62250873917347
Monte Mayor Mine,Monte Mayor Mine_0000000000000000001f,2000,2022,15,ok,0.6971677799854937,0.16536155383835205,-0.16536155383835205,-0.023309005953189577,0.3958434714671934,-0.10318876857945873,0.0,0.0,99.62250873917347,99.62250873917347
Monte Mayor Mine,Monte Mayor Mine_0000000000000000001f,2000,2023,15,ok,0.6945053883195734,0.17120685663747492,-0.17120685663747492,-0.017662195121834874,0.3989672287196629,-0.10963440866170042,0.0,0.0,99.62250873917347,99.62250873917347
Monte Mayor Mine,Monte Mayor Mine_0000000000000000001f,2000,2024,15,ok,0.6897779324410526,0.14874586747860666,-0.14874586747860666,-0.019844120397297833,0.4041856208242926,-0.08674564737495769,0.0,0.0,99.62250873917347,99.62250873917347
Monte Mayor Mine,Monte Mayor Mine_0000000000000000001f,2000,2025,15,ok,0.7334908480477261,0.1875541850253888,-0.1875541850253888,-0.053525949241401846,0.4174539148074608,-0.12885777709822221,0.0,0.0,99.62250873917347,99.62250873917347
