X,Y,Z,Name,description,timestamp,begin,end
-89.44478,14.38254,0,El Carmen,"<p>Record <a href=""https://mrdata.usgs.gov/mrds/show.php?labno=10057191"">10057191</a></p><p>Data source: <a href=""https://mrdata.usgs.gov/mrds/"">Mineral Resources Data System</a></p><table border='1' padding='3' cellspacing='0'><tr valign='top'><th align='right' bgcolor='#ddffee'>oper_type</th><td>Unknown</td></tr><tr valign='top'><th align='right' bgcolor='#ddffee'>dev_stat</th><td>Occurrence</td></tr><tr valign='top'><th align='right' bgcolor='#ddffee'>ore</th><td>Copper</td></tr><tr valign='top'><th align='right' bgcolor='#ddffee'>model</th><td></td></tr><tr valign='top'><th align='right' bgcolor='#ddffee'>commod1</th><td>Copper</td></tr><tr valign='top'><th align='right' bgcolor='#ddffee'>commod2</th><td></td></tr><tr valign='top'><th align='right' bgcolor='#ddffee'>commod3</th><td></td></tr></table>",,,
-89.04338,14.30504,0,Monte Verde Deposit,"<p>Record <a href=""https://mrdata.usgs.gov/mrds/show.php?labno=10057192"">10057192</a></p><p>Data source: <a href=""https://mrdata.usgs.gov/mrds/"">Mineral Resources Data System</a></p><table border='1' padding='3' cellspacing='0'><tr valign='top'><th align='right' bgcolor='#ddffee'>oper_type</th><td>Unknown</td></tr><tr valign='top'><th align='right' bgcolor='#ddffee'>dev_stat</th><td>Occurrence</td></tr><tr valign='top'><th align='right' bgcolor='#ddffee'>ore</th><td>Copper</td></tr><tr valign='top'><th align='right' bgcolor='#ddffee'>model</th><td></td></tr><tr valign='top'><th align='right' bgcolor='#ddffee'>commod1</th><td>Copper</td></tr><tr valign='top'><th align='right' bgcolor='#ddffee'>commod2</th><td></td></tr><tr valign='top'><th align='right' bgcolor='#ddffee'>commod3</th><td></td></tr></table>",,,
-89.43062,14.40643,0,Chaguite Deposits,"<p>Record <a href=""https://mrdata.usgs.gov/mrds/show.php?labno=10057193"">10057193</a></p><p>Data source: <a href=""https://mrdata.usgs.gov/mrds/"">Mineral Resources Data System</a></p><table border='1' padding='3' cellspacing='0'><tr valign='top'><th align='right' bgcolor='#ddffee'>oper_type</th><td>Unknown</td></tr><tr valign='top'><th align='right' bgcolor='#ddffee'>dev_stat</th><td>Occurrence</td></tr><tr valign='top'><th align='right' bgcolor='#ddffee'>ore</th><td>Chalcocite, Copper</td></tr><tr valign='top'><th align='right' bgcolor='#ddffee'>model</th><td></td></tr><tr valign='top'><th align='right' bgcolor='#ddffee'>commod1</th><td>Copper</td></tr><tr valign='top'><th align='right' bgcolor='#ddffee'>commod2</th><td></td></tr><tr valign='top'><th align='right' bgcolor='#ddffee'>commod3</th><td></td></tr></table>",,,
-89.46312,14.34143,0,La Esperanza Prospect,"<p>Record <a href=""https://mrdata.usgs.gov/mrds/show.php?labno=10057194"">10057194</a></p><p>Data source: <a href=""https://mrdata.usgs.gov/mrds/"">Mineral Resources Data System</a></p><table border='1' padding='3' cellspacing='0'><tr valign='top'><th align='right' bgcolor='#ddffee'>oper_type</th><td>Unknown</td></tr><tr valign='top'><th align='right' bgcolor='#ddffee'>dev_stat</th><td>Occurrence</td></tr><tr valign='top'><th align='right' bgcolor='#ddffee'>ore</th><td>Anglesite, Galena</td></tr><tr valign='top'><th align='right' bgcolor='#ddffee'>model</th><td></td></tr><tr valign='top'><th align='right' bgcolor='#ddffee'>commod1</th><td>Lead</td></tr><tr valign='top'><th align='right' bgcolor='#ddffee'>commod2</th><td></td></tr><tr valign='top'><th align='right' bgcolor='#ddffee'>commod3</th><td></td></tr></table>",,,
-89.46256,14.34143,0,San Isidro Montanita Prospect,"<p>Record <a href=""https://mrdata.usgs.gov/mrds/show.php?labno=10057195"">10057195</a></p><p>Data source: <a href=""https://mrdata.usgs.gov/mrds/"">Mineral Resources Data System</a></p><table border='1' padding='3' cellspacing='0'><tr valign='top'><th align='right' bgcolor='#ddffee'>oper_type</th><td>Unknown</td></tr><tr valign='top'><th align='right' bgcolor='#ddffee'>dev_stat</th><td>Occurrence</td></tr><tr valign='top'><th align='right' bgcolor='#ddffee'>ore</th><td>Chalcopyrite, Galena, Pyrite</td></tr><tr valign='top'><th align='right' bgcolor='#ddffee'>model</th><td></td></tr><tr valign='top'><th align='right' bgcolor='#ddffee'>commod1</th><td>Lead, Copper</td></tr><tr valign='top'><th align='right' bgcolor='#ddffee'>commod2</th><td></td></tr><tr valign='top'><th align='right' bgcolor='#ddffee'>commod3</th><td></td></tr></table>",,,
-89.48617,14.33865,0,Unnamed San Isidro Copper Prospect,"<p>Record <a href=""https://mrdata.usgs.gov/mrds/show.php?labno=10057196"">10057196</a></p><p>Data source: <a href=""https://mrdata.usgs.gov/mrds/"">Mineral Resources Data System</a></p><table border='1' padding='3' cellspacing='0'><tr valign='top'><th align='right' bgcolor='#ddffee'>oper_type</th><td>Unknown</td></tr><tr valign='top'><th align='right' bgcolor='#ddffee'>dev_stat</th><td>Occurrence</td></tr><tr valign='top'><th align='right' bgcolor='#ddffee'>ore</th><td>Copper</td></tr><tr valign='top'><th align='right' bgcolor='#ddffee'>model</th><td></td></tr><tr valign='top'><th align='right' bgcolor='#ddffee'>commod1</th><td>Copper</td></tr><tr valign='top'><th align='right' bgcolor='#ddffee'>commod2</th><td></td></tr><tr valign='top'><th align='right' bgcolor='#ddffee'>commod3</th><td></td></tr></table>",,,
-89.43589,14.41115,0,El Tajado Mine,"<p>Record <a href=""https://mrdata.usgs.gov/mrds/show.php?labno=10057197"">10057197</a></p><p>Data source: <a href=""https://mrdata.usgs.gov/mrds/"">Mineral Resources Data System</a></p><table border='1' padding='3' cellspacing='0'><tr valign='top'><th align='right' bgcolor='#ddffee'>oper_type</th><td>Unknown</td></tr><tr valign='top'><th align='right' bgcolor='#ddffee'>dev_stat</th><td>Occurrence</td></tr><tr valign='top'><th align='right' bgcolor='#ddffee'>ore</th><td>Calamine, Magnetite, Specularite, Sphalerite</td></tr><tr valign='top'><th align='right' bgcolor='#ddffee'>model</th><td></td></tr><tr valign='top'><th align='right' bgcolor='#ddffee'>commod1</th><td>Iron, Copper, Zinc</td></tr><tr valign='top'><th align='right' bgcolor='#ddffee'>commod2</th><td></td></tr><tr valign='top'><th align='right' bgcolor='#ddffee'>commod3</th><td></td></tr></table>",,,
-89.50006,14.3342,0,San Casimiro Mine,"<p>Record <a href=""https://mrdata.usgs.gov/mrds/show.php?labno=10057198"">10057198</a></p><p>Data source: <a href=""https://mrdata.usgs.gov/mrds/"">Mineral Resources Data System</a></p><table border='1' padding='3' cellspacing='0'><tr valign='top'><th align='right' bgcolor='#ddffee'>oper_type</th><td>Unknown</td></tr><tr valign='top'><th align='right' bgcolor='#ddffee'>dev_stat</th><td>Occurrence</td></tr><tr valign='top'><th align='right' bgcolor='#ddffee'>ore</th><td>Chalcopyrite, Galena, Pyrite, Sphalerite</td></tr><tr valign='top'><th align='right' bgcolor='#ddffee'>model</th><td>60: Skarn Zn-Pb</td></tr><tr valign='top'><th align='right' bgcolor='#ddffee'>commod1</th><td>Gold, Zinc, Lead, Silver</td></tr><tr valign='top'><th align='right' bgcolor='#ddffee'>commod2</th><td></td></tr><tr valign='top'><th align='right' bgcolor='#ddffee'>commod3</th><td></td></tr></table>",,,
-89.44923,14.36615,0,Occurrence At Quabrada Del Tigre,"<p>Record <a href=""https://mrdata.usgs.gov/mrds/show.php?labno=10057199"">10057199</a></p><p>Data source: <a href=""https://mrdata.usgs.gov/mrds/"">Mineral Resources Data System</a></p><table border='1' padding='3' cellspacing='0'><tr valign='top'><th align='right' bgcolor='#ddffee'>oper_type</th><td>Unknown</td></tr><tr valign='top'><th align='right' bgcolor='#ddffee'>dev_stat</th><td>Occurrence</td></tr><tr valign='top'><th align='right' bgcolor='#ddffee'>ore</th><td>Galena, Pyrite</td></tr><tr valign='top'><th align='right' bgcolor='#ddffee'>model</th><td></td></tr><tr valign='top'><th align='right' bgcolor='#ddffee'>commod1</th><td>Lead</td></tr><tr valign='top'><th align='right' bgcolor='#ddffee'>commod2</th><td></td></tr><tr valign='top'><th align='right' bgcolor='#ddffee'>commod3</th><td></td></tr></table>",,,
-89.4445,14.3342,0,Occurrence At San Rafael,"<p>Record <a href=""https://mrdata.usgs.gov/mrds/show.php?labno=10057200"">10057200</a></p><p>Data source: <a href=""https://mrdata.usgs.gov/mrds/"">Mineral Resources Data System</a></p><table border='1' padding='3' cellspacing='0'><tr valign='top'><th align='right' bgcolor='#ddffee'>oper_type</th><td>Unknown</td></tr><tr valign='top'><th align='right' bgcolor='#ddffee'>dev_stat</th><td>Occurrence</td></tr><tr valign='top'><th align='right' bgcolor='#ddffee'>ore</th><td>Pyrite</td></tr><tr valign='top'><th align='right' bgcolor='#ddffee'>model</th><td></td></tr><tr valign='top'><th align='right' bgcolor='#ddffee'>commod1</th><td>Sulfur-Pyrite</td></tr><tr valign='top'><th align='right' bgcolor='#ddffee'>commod2</th><td></td></tr><tr valign='top'><th align='right' bgcolor='#ddffee'>commod3</th><td></td></tr></table>",,,
-89.31673,14.36754,0,Occurrence At Canas Dulces,"<p>Record <a href=""https://mrdata.usgs.gov/mrds/show.php?labno=10057201"">10057201</a></p><p>Data source: <a href=""https://mrdata.usgs.gov/mrds/"">Mineral Resources Data System</a></p><table border='1' padding='3' cellspacing='0'><tr valign='top'><th align='right' bgcolor='#ddffee'>oper_type</th><td>Unknown</td></tr><tr valign='top'><th align='right' bgcolor='#ddffee'>dev_stat</th><td>Occurrence</td></tr><tr valign='top'><th align='right' bgcolor='#ddffee'>ore</th><td>Pyrite</td></tr><tr valign='top'><th align='right' bgcolor='#ddffee'>model</th><td></td></tr><tr valign='top'><th align='right' bgcolor='#ddffee'>commod1</th><td>Sulfur-Pyrite</td></tr><tr valign='top'><th align='right' bgcolor='#ddffee'>commod2</th><td></td></tr><tr valign='top'><th align='right' bgcolor='#ddffee'>commod3</th><td></td></tr></table>",,,
-89.46617,14.10644,0,Cerro El Cobano,"<p>Record <a href=""https://mrdata.usgs.gov/mrds/show.php?labno=10057202"">10057202</a></p><p>Data source: <a href=""https://mrdata.usgs.gov/mrds/"">Mineral Resources Data System</a></p><table border='1' padding='3' cellspacing='0'><tr valign='top'><th align='right' bgcolor='#ddffee'>oper_type</th><td>Unknown</td></tr><tr valign='top'><th align='right' bgcolor='#ddffee'>dev_stat</th><td>Occurrence</td></tr><tr valign='top'><th align='right' bgcolor='#ddffee'>ore</th><td></td></tr><tr valign='top'><th align='right' bgcolor='#ddffee'>model</th><td></td></tr><tr valign='top'><th align='right' bgcolor='#ddffee'>commod1</th><td>Perlite</td></tr><tr valign='top'><th align='right' bgcolor='#ddffee'>commod2</th><td></td></tr><tr valign='top'><th align='right' bgcolor='#ddffee'>commod3</th><td></td></tr></table>",,,
-89.16783,14.33865,0,San Ignacio,"<p>Record <a href=""https://mrdata.usgs.gov/mrds/show.php?labno=10057203"">10057203</a></p><p>Data source: <a href=""https://mrdata.usgs.gov/mrds/"">Mineral Resources Data System</a></p><table border='1' padding='3' cellspacing='0'><tr valign='top'><th align='right' bgcolor='#ddffee'>oper_type</th><td>Unknown</td></tr><tr valign='top'><th align='right' bgcolor='#ddffee'>dev_stat</th><td>Occurrence</td></tr><tr valign='top'><th align='right' bgcolor='#ddffee'>ore</th><td></td></tr><tr valign='top'><th align='right' bgcolor='#ddffee'>model</th><td></td></tr><tr valign='top'><th align='right' bgcolor='#ddffee'>commod1</th><td>Perlite</td></tr><tr valign='top'><th align='right' bgcolor='#ddffee'>commod2</th><td></td></tr><tr valign='top'><th align='right' bgcolor='#ddffee'>commod3</th><td></td></tr></table>",,,
-88.10642,13.70007,0,San Francisco Gotera,"<p>Record <a href=""https://mrdata.usgs.gov/mrds/show.php?labno=10057204"">10057204</a></p><p>Data source: <a href=""https://mrdata.usgs.gov/mrds/"">Mineral Resources Data System</a></p><table border='1' padding='3' cellspacing='0'><tr valign='top'><th align='right' bgcolor='#ddffee'>oper_type</th><td>Unknown</td></tr><tr valign='top'><th align='right' bgcolor='#ddffee'>dev_stat</th><td>Occurrence</td></tr><tr valign='top'><th align='right' bgcolor='#ddffee'>ore</th><td></td></tr><tr valign='top'><th align='right' bgcolor='#ddffee'>model</th><td></td></tr><tr valign='top'><th align='right' bgcolor='#ddffee'>commod1</th><td>Perlite</td></tr><tr valign='top'><th align='right' bgcolor='#ddffee'>commod2</th><td></td></tr><tr valign='top'><th align='right' bgcolor='#ddffee'>commod3</th><td></td></tr></table>",,,
-88.09641,13.66757,0,El Triunfo,"<p>Record <a href=""https://mrdata.usgs.gov/mrds/show.php?labno=10057205"">10057205</a></p><p>Data source: <a href=""https://mrdata.usgs.gov/mrds/"">Mineral Resources Data System</a></p><table border='1' padding='3' cellspacing='0'><tr valign='top'><th align='right' bgcolor='#ddffee'>oper_type</th><td>Unknown</td></tr><tr valign='top'><th align='right' bgcolor='#ddffee'>dev_stat</th><td>Occurrence</td></tr><tr valign='top'><th align='right' bgcolor='#ddffee'>ore</th><td></td></tr><tr valign='top'><th align='right' bgcolor='#ddffee'>model</th><td></td></tr><tr valign='top'><th align='right' bgcolor='#ddffee'>commod1</th><td>Perlite</td></tr><tr valign='top'><th align='right' bgcolor='#ddffee'>commod2</th><td></td></tr><tr valign='top'><th align='right' bgcolor='#ddffee'>commod3</th><td></td></tr></table>",,,
-88.19447,13.53285,0,Agua Zarca,"<p>Record <a href=""https://mrdata.usgs.gov/mrds/show.php?labno=10057206"">10057206</a></p><p>Data source: <a href=""https://mrdata.usgs.gov/mrds/"">Mineral Resources Data System</a></p><table border='1' padding='3' cellspacing='0'><tr valign='top'><th align='right' bgcolor='#ddffee'>oper_type</th><td>Unknown</td></tr><tr valign='top'><th align='right' bgcolor='#ddffee'>dev_stat</th><td>Occurrence</td></tr><tr valign='top'><th align='right' bgcolor='#ddffee'>ore</th><td></td></tr><tr valign='top'><th align='right' bgcolor='#ddffee'>model</th><td></td></tr><tr valign='top'><th align='right' bgcolor='#ddffee'>commod1</th><td>Perlite</td></tr><tr valign='top'><th align='right' bgcolor='#ddffee'>commod2</th><td></td></tr><tr valign='top'><th align='right' bgcolor='#ddffee'>commod3</th><td></td></tr></table>",,,
-89.01199,13.63174,0,Cerro El Carmen,"<p>Record <a href=""https://mrdata.usgs.gov/mrds/show.php?labno=10057207"">10057207</a></p><p>Data source: <a href=""https://mrdata.usgs.gov/mrds/"">Mineral Resources Data System</a></p><table border='1' padding='3' cellspacing='0'><tr valign='top'><th align='right' bgcolor='#ddffee'>oper_type</th><td>Unknown</td></tr><tr valign='top'><th align='right' bgcolor='#ddffee'>dev_stat</th><td>Occurrence</td></tr><tr valign='top'><th align='right' bgcolor='#ddffee'>ore</th><td></td></tr><tr valign='top'><th align='right' bgcolor='#ddffee'>model</th><td></td></tr><tr valign='top'><th align='right' bgcolor='#ddffee'>commod1</th><td>Perlite</td></tr><tr valign='top'><th align='right' bgcolor='#ddffee'>commod2</th><td></td></tr><tr valign='top'><th align='right' bgcolor='#ddffee'>commod3</th><td></td></tr></table>",,,
-88.89811,13.72701,0,El Carmen,"<p>Record <a href=""https://mrdata.usgs.gov/mrds/show.php?labno=10057208"">10057208</a></p><p>Data source: <a href=""https://mrdata.usgs.gov/mrds/"">Mineral Resources Data System</a></p><table border='1' padding='3' cellspacing='0'><tr valign='top'><th align='right' bgcolor='#ddffee'>oper_type</th><td>Unknown</td></tr><tr valign='top'><th align='right' bgcolor='#ddffee'>dev_stat</th><td>Occurrence</td></tr><tr valign='top'><th align='right' bgcolor='#ddffee'>ore</th><td></td></tr><tr valign='top'><th align='right' bgcolor='#ddffee'>model</th><td></td></tr><tr valign='top'><th align='right' bgcolor='#ddffee'>commod1</th><td>Perlite</td></tr><tr valign='top'><th align='right' bgcolor='#ddffee'>commod2</th><td></td></tr><tr valign='top'><th align='right' bgcolor='#ddffee'>commod3</th><td></td></tr></table>",,,
-89.00755,13.72701,0,Cerro Buena Vista,"<p>Record <a href=""https://mrdata.usgs.gov/mrds/show.php?labno=10057209"">10057209</a></p><p>Data source: <a href=""https://mrdata.usgs.gov/mrds/"">Mineral Resources Data System</a></p><table border='1' padding='3' cellspacing='0'><tr valign='top'><th align='right' bgcolor='#ddffee'>oper_type</th><td>Unknown</td></tr><tr valign='top'><th align='right' bgcolor='#ddffee'>dev_stat</th><td>Occurrence</td></tr><tr valign='top'><th align='right' bgcolor='#ddffee'>ore</th><td></td></tr><tr valign='top'><th align='right' bgcolor='#ddffee'>model</th><td></td></tr><tr valign='top'><th align='right' bgcolor='#ddffee'>commod1</th><td>Perlite</td></tr><tr valign='top'><th align='right' bgcolor='#ddffee'>commod2</th><td></td></tr><tr valign='top'><th align='right' bgcolor='#ddffee'>commod3</th><td></td></tr></table>",,,
-89.14533,13.7409,0,Venecia,"<p>Record <a href=""https://mrdata.usgs.gov/mrds/show.php?labno=10057210"">10057210</a></p><p>Data source: <a href=""https://mrdata.usgs.gov/mrds/"">Mineral Resources Data System</a></p><table border='1' padding='3' cellspacing='0'><tr valign='top'><th align='right' bgcolor='#ddffee'>oper_type</th><td>Unknown</td></tr><tr valign='top'><th align='right' bgcolor='#ddffee'>dev_stat</th><td>Occurrence</td></tr><tr valign='top'><th align='right' bgcolor='#ddffee'>ore</th><td></td></tr><tr valign='top'><th align='right' bgcolor='#ddffee'>model</th><td></td></tr><tr valign='top'><th align='right' bgcolor='#ddffee'>commod1</th><td>Perlite</td></tr><tr valign='top'><th align='right' bgcolor='#ddffee'>commod2</th><td></td></tr><tr valign='top'><th align='right' bgcolor='#ddffee'>commod3</th><td></td></tr></table>",,,
-88.90755,13.77007,0,El Rosario Perlite Deposit,"<p>Record <a href=""https://mrdata.usgs.gov/mrds/show.php?labno=10057211"">10057211</a></p><p>Data source: <a href=""https://mrdata.usgs.gov/mrds/"">Mineral Resources Data System</a></p><table border='1' padding='3' cellspacing='0'><tr valign='top'><th align='right' bgcolor='#ddffee'>oper_type</th><td>Unknown</td></tr><tr valign='top'><th align='right' bgcolor='#ddffee'>dev_stat</th><td>Occurrence</td></tr><tr valign='top'><th align='right' bgcolor='#ddffee'>ore</th><td></td></tr><tr valign='top'><th align='right' bgcolor='#ddffee'>model</th><td></td></tr><tr valign='top'><th align='right' bgcolor='#ddffee'>commod1</th><td>Perlite</td></tr><tr valign='top'><th align='right' bgcolor='#ddffee'>commod2</th><td></td></tr><tr valign='top'><th align='right' bgcolor='#ddffee'>commod3</th><td></td></tr></table>",,,
-89.16477,13.73729,0,Ciudad Delgado,"<p>Record <a href=""https://mrdata.usgs.gov/mrds/show.php?labno=10057212"">10057212</a></p><p>Data source: <a href=""https://mrdata.usgs.gov/mrds/"">Mineral Resources Data System</a></p><table border='1' padding='3' cellspacing='0'><tr valign='top'><th align='right' bgcolor='#ddffee'>oper_type</th><td>Unknown</td></tr><tr valign='top'><th align='right' bgcolor='#ddffee'>dev_stat</th><td>Occurrence</td></tr><tr valign='top'><th align='right' bgcolor='#ddffee'>ore</th><td></td></tr><tr valign='top'><th align='right' bgcolor='#ddffee'>model</th><td></td></tr><tr valign='top'><th align='right' bgcolor='#ddffee'>commod1</th><td>Perlite</td></tr><tr valign='top'><th align='right' bgcolor='#ddffee'>commod2</th><td></td></tr><tr valign='top'><th align='right' bgcolor='#ddffee'>commod3</th><td></td></tr></table>",,,
-89.46478,14.14671,0,Cerro Afate,"<p>Record <a href=""https://mrdata.usgs.gov/mrds/show.php?labno=10057213"">10057213</a></p><p>Data source: <a href=""https://mrdata.usgs.gov/mrds/"">Mineral Resources Data System</a></p><table border='1' padding='3' cellspacing='0'><tr valign='top'><th align='right' bgcolor='#ddffee'>oper_type</th><td>Unknown</td></tr><tr valign='top'><th align='right' bgcolor='#ddffee'>dev_stat</th><td>Occurrence</td></tr><tr valign='top'><th align='right' bgcolor='#ddffee'>ore</th><td></td></tr><tr valign='top'><th align='right' bgcolor='#ddffee'>model</th><td></td></tr><tr valign='top'><th align='right' bgcolor='#ddffee'>commod1</th><td>Perlite</td></tr><tr valign='top'><th align='right' bgcolor='#ddffee'>commod2</th><td></td></tr><tr valign='top'><th align='right' bgcolor='#ddffee'>commod3</th><td></td></tr></table>",,,
-88.18503,13.66757,0,Yamabal,"<p>Record <a href=""https://mrdata.usgs.gov/mrds/show.php?labno=10057214"">10057214</a></p><p>Data source: <a href=""https://mrdata.usgs.gov/mrds/"">Mineral Resources Data System</a></p><table border='1' padding='3' cellspacing='0'><tr valign='top'><th align='right' bgcolor='#ddffee'>oper_type</th><td>Unknown</td></tr><tr valign='top'><th align='right' bgcolor='#ddffee'>dev_stat</th><td>Occurrence</td></tr><tr valign='top'><th align='right' bgcolor='#ddffee'>ore</th><td></td></tr><tr valign='top'><th align='right' bgcolor='#ddffee'>model</th><td></td></tr><tr valign='top'><th align='right' bgcolor='#ddffee'>commod1</th><td>Perlite</td></tr><tr valign='top'><th align='right' bgcolor='#ddffee'>commod2</th><td></td></tr><tr valign='top'><th align='right' bgcolor='#ddffee'>commod3</th><td></td></tr></table>",,,
-89.50006,13.93422,0,Cerro Pacho,"<p>Record <a href=""https://mrdata.usgs.gov/mrds/show.php?labno=10057215"">10057215</a></p><p>Data source: <a href=""https://mrdata.usgs.gov/mrds/"">Mineral Resources Data System</a></p><table border='1' padding='3' cellspacing='0'><tr valign='top'><th align='right' bgcolor='#ddffee'>oper_type</th><td>Unknown</td></tr><tr valign='top'><th align='right' bgcolor='#ddffee'>dev_stat</th><td>Occurrence</td></tr><tr valign='top'><th align='right' bgcolor='#ddffee'>ore</th><td></td></tr><tr valign='top'><th align='right' bgcolor='#ddffee'>model</th><td></td></tr><tr valign='top'><th align='right' bgcolor='#ddffee'>commod1</th><td>Perlite</td></tr><tr valign='top'><th align='right' bgcolor='#ddffee'>commod2</th><td></td></tr><tr valign='top'><th align='right' bgcolor='#ddffee'>commod3</th><td></td></tr></table>",,,
-89.92979,13.75868,0,Cerro Chacchacaste,"<p>Record <a href=""https://mrdata.usgs.gov/mrds/show.php?labno=10057216"">10057216</a></p><p>Data source: <a href=""https://mrdata.usgs.gov/mrds/"">Mineral Resources Data System</a></p><table border='1' padding='3' cellspacing='0'><tr valign='top'><th align='right' bgcolor='#ddffee'>oper_type</th><td>Unknown</td></tr><tr valign='top'><th align='right' bgcolor='#ddffee'>dev_stat</th><td>Occurrence</td></tr><tr valign='top'><th align='right' bgcolor='#ddffee'>ore</th><td></td></tr><tr valign='top'><th align='right' bgcolor='#ddffee'>model</th><td></td></tr><tr valign='top'><th align='right' bgcolor='#ddffee'>commod1</th><td>Perlite</td></tr><tr valign='top'><th align='right' bgcolor='#ddffee'>commod2</th><td></td></tr><tr valign='top'><th align='right' bgcolor='#ddffee'>commod3</th><td></td></tr></table>",,,
-88.76393,13.66034,0,El Salvador,"<p>Record <a href=""https://mrdata.usgs.gov/mrds/show.php?labno=10057217"">10057217</a></p><p>Data source: <a href=""https://mrdata.usgs.gov/mrds/"">Mineral Resources Data System</a></p><table border='1' padding='3' cellspacing='0'><tr valign='top'><th align='right' bgcolor='#ddffee'>oper_type</th><td>Unknown</td></tr><tr valign='top'><th align='right' bgcolor='#ddffee'>dev_stat</th><td>Occurrence</td></tr><tr valign='top'><th align='right' bgcolor='#ddffee'>ore</th><td></td></tr><tr valign='top'><th align='right' bgcolor='#ddffee'>model</th><td></td></tr><tr valign='top'><th align='right' bgcolor='#ddffee'>commod1</th><td>Perlite</td></tr><tr valign='top'><th align='right' bgcolor='#ddffee'>commod2</th><td></td></tr><tr valign='top'><th align='right' bgcolor='#ddffee'>commod3</th><td></td></tr></table>",,,
-88.97866,13.78646,0,Cerro Quemado,"<p>Record <a href=""https://mrdata.usgs.gov/mrds/show.php?labno=10057218"">10057218</a></p><p>Data source: <a href=""https://mrdata.usgs.gov/mrds/"">Mineral Resources Data System</a></p><table border='1' padding='3' cellspacing='0'><tr valign='top'><th align='right' bgcolor='#ddffee'>oper_type</th><td>Unknown</td></tr><tr valign='top'><th align='right' bgcolor='#ddffee'>dev_stat</th><td>Occurrence</td></tr><tr valign='top'><th align='right' bgcolor='#ddffee'>ore</th><td></td></tr><tr valign='top'><th align='right' bgcolor='#ddffee'>model</th><td></td></tr><tr valign='top'><th align='right' bgcolor='#ddffee'>commod1</th><td>Perlite</td></tr><tr valign='top'><th align='right' bgcolor='#ddffee'>commod2</th><td></td></tr><tr valign='top'><th align='right' bgcolor='#ddffee'>commod3</th><td></td></tr></table>",,,
-89.00061,13.77951,0,Cerro El Paraiso,"<p>Record <a href=""https://mrdata.usgs.gov/mrds/show.php?labno=10057219"">10057219</a></p><p>Data source: <a href=""https://mrdata.usgs.gov/mrds/"">Mineral Resources Data System</a></p><table border='1' padding='3' cellspacing='0'><tr valign='top'><th align='right' bgcolor='#ddffee'>oper_type</th><td>Unknown</td></tr><tr valign='top'><th align='right' bgcolor='#ddffee'>dev_stat</th><td>Occurrence</td></tr><tr valign='top'><th align='right' bgcolor='#ddffee'>ore</th><td></td></tr><tr valign='top'><th align='right' bgcolor='#ddffee'>model</th><td></td></tr><tr valign='top'><th align='right' bgcolor='#ddffee'>commod1</th><td>Perlite</td></tr><tr valign='top'><th align='right' bgcolor='#ddffee'>commod2</th><td></td></tr><tr valign='top'><th align='right' bgcolor='#ddffee'>commod3</th><td></td></tr></table>",,,
-88.06002,13.60091,0,Divisadero Mine,"<p>Record <a href=""https://mrdata.usgs.gov/mrds/show.php?labno=10085938"">10085938</a></p><p>Data source: <a href=""https://mrdata.usgs.gov/mrds/"">Mineral Resources Data System</a></p><table border='1' padding='3' cellspacing='0'><tr valign='top'><th align='right' bgcolor='#ddffee'>oper_type</th><td>Unknown</td></tr><tr valign='top'><th align='right' bgcolor='#ddffee'>dev_stat</th><td>Past Producer</td></tr><tr valign='top'><th align='right' bgcolor='#ddffee'>ore</th><td>Gold</td></tr><tr valign='top'><th align='right' bgcolor='#ddffee'>model</th><td></td></tr><tr valign='top'><th align='right' bgcolor='#ddffee'>commod1</th><td>Gold, Silver</td></tr><tr valign='top'><th align='right' bgcolor='#ddffee'>commod2</th><td></td></tr><tr valign='top'><th align='right' bgcolor='#ddffee'>commod3</th><td></td></tr></table>",,,
-88.80004,13.85089,0,El Dorado Mine,"<p>Record <a href=""https://mrdata.usgs.gov/mrds/show.php?labno=10085939"">10085939</a></p><p>Data source: <a href=""https://mrdata.usgs.gov/mrds/"">Mineral Resources Data System</a></p><table border='1' padding='3' cellspacing='0'><tr valign='top'><th align='right' bgcolor='#ddffee'>oper_type</th><td>Unknown</td></tr><tr valign='top'><th align='right' bgcolor='#ddffee'>dev_stat</th><td>Occurrence</td></tr><tr valign='top'><th align='right' bgcolor='#ddffee'>ore</th><td>Gold, Pyrite</td></tr><tr valign='top'><th align='right' bgcolor='#ddffee'>model</th><td></td></tr><tr valign='top'><th align='right' bgcolor='#ddffee'>commod1</th><td>Silver, Gold</td></tr><tr valign='top'><th align='right' bgcolor='#ddffee'>commod2</th><td></td></tr><tr valign='top'><th align='right' bgcolor='#ddffee'>commod3</th><td></td></tr></table>",,,
-87.97002,13.7009,0,Monte Mayor Mine,"<p>Record <a href=""https://mrdata.usgs.gov/mrds/show.php?labno=10085940"">10085940</a></p><p>Data source: <a href=""https://mrdata.usgs.gov/mrds/"">Mineral Resources Data System</a></p><table border='1' padding='3' cellspacing='0'><tr valign='top'><th align='right' bgcolor='#ddffee'>oper_type</th><td>Unknown</td></tr><tr valign='top'><th align='right' bgcolor='#ddffee'>dev_stat</th><td>Past Producer</td></tr><tr valign='top'><th align='right' bgcolor='#ddffee'>ore</th><td>Gold</td></tr><tr valign='top'><th align='right' bgcolor='#ddffee'>model</th><td></td></tr><tr valign='top'><th align='right' bgcolor='#ddffee'>commod1</th><td>Gold, Silver</td></tr><tr valign='top'><th align='right' bgcolor='#ddffee'>commod2</th><td></td></tr><tr valign='top'><th align='right' bgcolor='#ddffee'>commod3</th><td></td></tr></table>",,,
-88.07002,13.60091,0,Monte Cristo Mine,"<p>Record <a href=""https://mrdata.usgs.gov/mrds/show.php?labno=10085941"">10085941</a></p><p>Data source: <a href=""https://mrdata.usgs.gov/mrds/"">Mineral Resources Data System</a></p><table border='1' padding='3' cellspacing='0'><tr valign='top'><th align='right' bgcolor='#ddffee'>oper_type</th><td>Unknown</td></tr><tr valign='top'><th align='right' bgcolor='#ddffee'>dev_stat</th><td>Past Producer</td></tr><tr valign='top'><th align='right' bgcolor='#ddffee'>ore</th><td>Gold, Pyrite, Sphalerite</td></tr><tr valign='top'><th align='right' bgcolor='#ddffee'>model</th><td></td></tr><tr valign='top'><th align='right' bgcolor='#ddffee'>commod1</th><td>Gold, Silver</td></tr><tr valign='top'><th align='right' bgcolor='#ddffee'>commod2</th><td></td></tr><tr valign='top'><th align='right' bgcolor='#ddffee'>commod3</th><td></td></tr></table>",,,
-89.37006,14.29087,0,San Juan Mine,"<p>Record <a href=""https://mrdata.usgs.gov/mrds/show.php?labno=10085942"">10085942</a></p><p>Data source: <a href=""https://mrdata.usgs.gov/mrds/"">Mineral Resources Data System</a></p><table border='1' padding='3' cellspacing='0'><tr valign='top'><th align='right' bgcolor='#ddffee'>oper_type</th><td>Unknown</td></tr><tr valign='top'><th align='right' bgcolor='#ddffee'>dev_stat</th><td>Past Producer</td></tr><tr valign='top'><th align='right' bgcolor='#ddffee'>ore</th><td>Galena, Pyrite, Sphalerite</td></tr><tr valign='top'><th align='right' bgcolor='#ddffee'>model</th><td>60: Skarn Zn-Pb</td></tr><tr valign='top'><th align='right' bgcolor='#ddffee'>commod1</th><td>Lead, Zinc, Silver</td></tr><tr valign='top'><th align='right' bgcolor='#ddffee'>commod2</th><td></td></tr><tr valign='top'><th align='right' bgcolor='#ddffee'>commod3</th><td></td></tr></table>",,,
-87.93002,13.6509,0,San Sebastian Mine,"<p>Record <a href=""https://mrdata.usgs.gov/mrds/show.php?labno=10085943"">10085943</a></p><p>Data source: <a href=""https://mrdata.usgs.gov/mrds/"">Mineral Resources Data System</a></p><table border='1' padding='3' cellspacing='0'><tr valign='top'><th align='right' bgcolor='#ddffee'>oper_type</th><td>Unknown</td></tr><tr valign='top'><th align='right' bgcolor='#ddffee'>dev_stat</th><td>Past Producer</td></tr><tr valign='top'><th align='right' bgcolor='#ddffee'>ore</th><td>Bornite, Calaverite, Chalcocite, Chalcopyrite, Gold, Marcasite, Molybdenite, Pyrite, Pyrolusite, Pyrrhotite</td></tr><tr valign='top'><th align='right' bgcolor='#ddffee'>model</th><td></td></tr><tr valign='top'><th align='right' bgcolor='#ddffee'>commod1</th><td>Gold, Silver</td></tr><tr valign='top'><th align='right' bgcolor='#ddffee'>commod2</th><td></td></tr><tr valign='top'><th align='right' bgcolor='#ddffee'>commod3</th><td></td></tr></table>",,,
-87.76196,13.70201,0,El Porvenir,"<p>Record <a href=""https://mrdata.usgs.gov/mrds/show.php?labno=10086042"">10086042</a></p><p>Data source: <a href=""https://mrdata.usgs.gov/mrds/"">Mineral Resources Data System</a></p><table border='1' padding='3' cellspacing='0'><tr valign='top'><th align='right' bgcolor='#ddffee'>oper_type</th><td>Unknown</td></tr><tr valign='top'><th align='right' bgcolor='#ddffee'>dev_stat</th><td>Past Producer</td></tr><tr valign='top'><th align='right' bgcolor='#ddffee'>ore</th><td>Gold</td></tr><tr valign='top'><th align='right' bgcolor='#ddffee'>model</th><td></td></tr><tr valign='top'><th align='right' bgcolor='#ddffee'>commod1</th><td>Gold</td></tr><tr valign='top'><th align='right' bgcolor='#ddffee'>commod2</th><td>Copper, Zinc, Lead, Silver</td></tr><tr valign='top'><th align='right' bgcolor='#ddffee'>commod3</th><td></td></tr></table>",,,
-88.49003,13.49091,0,Laguna Alegria,"<p>Record <a href=""https://mrdata.usgs.gov/mrds/show.php?labno=10093903"">10093903</a></p><p>Data source: <a href=""https://mrdata.usgs.gov/mrds/"">Mineral Resources Data System</a></p><table border='1' padding='3' cellspacing='0'><tr valign='top'><th align='right' bgcolor='#ddffee'>oper_type</th><td>Unknown</td></tr><tr valign='top'><th align='right' bgcolor='#ddffee'>dev_stat</th><td>Occurrence</td></tr><tr valign='top'><th align='right' bgcolor='#ddffee'>ore</th><td>Sulfur</td></tr><tr valign='top'><th align='right' bgcolor='#ddffee'>model</th><td></td></tr><tr valign='top'><th align='right' bgcolor='#ddffee'>commod1</th><td>Sulfur</td></tr><tr valign='top'><th align='right' bgcolor='#ddffee'>commod2</th><td></td></tr><tr valign='top'><th align='right' bgcolor='#ddffee'>commod3</th><td></td></tr></table>",,,
-88.06002,13.53091,0,Hormiguero Mine,"<p>Record <a href=""https://mrdata.usgs.gov/mrds/show.php?labno=10106485"">10106485</a></p><p>Data source: <a href=""https://mrdata.usgs.gov/mrds/"">Mineral Resources Data System</a></p><table border='1' padding='3' cellspacing='0'><tr valign='top'><th align='right' bgcolor='#ddffee'>oper_type</th><td>Unknown</td></tr><tr valign='top'><th align='right' bgcolor='#ddffee'>dev_stat</th><td>Past Producer</td></tr><tr valign='top'><th align='right' bgcolor='#ddffee'>ore</th><td>Chalcopyrite, Galena, Gold, Malachite, Pyrite, Sphalerite</td></tr><tr valign='top'><th align='right' bgcolor='#ddffee'>model</th><td></td></tr><tr valign='top'><th align='right' bgcolor='#ddffee'>commod1</th><td>Gold, Silver</td></tr><tr valign='top'><th align='right' bgcolor='#ddffee'>commod2</th><td></td></tr><tr valign='top'><th align='right' bgcolor='#ddffee'>commod3</th><td></td></tr></table>",,,
-88.34003,13.7009,0,Potosi Mine,"<p>Record <a href=""https://mrdata.usgs.gov/mrds/show.php?labno=10106486"">10106486</a></p><p>Data source: <a href=""https://mrdata.usgs.gov/mrds/"">Mineral Resources Data System</a></p><table border='1' padding='3' cellspacing='0'><tr valign='top'><th align='right' bgcolor='#ddffee'>oper_type</th><td>Unknown</td></tr><tr valign='top'><th align='right' bgcolor='#ddffee'>dev_stat</th><td>Past Producer</td></tr><tr valign='top'><th align='right' bgcolor='#ddffee'>ore</th><td>Gold</td></tr><tr valign='top'><th align='right' bgcolor='#ddffee'>model</th><td></td></tr><tr valign='top'><th align='right' bgcolor='#ddffee'>commod1</th><td>Gold, Silver</td></tr><tr valign='top'><th align='right' bgcolor='#ddffee'>commod2</th><td></td></tr><tr valign='top'><th align='right' bgcolor='#ddffee'>commod3</th><td></td></tr></table>",,,
